zone_id,x_centro,y_centro,x_min,x_max,y_min,y_max,band,floor_min,floor_max,creatura,num_spawn,total_amount
Z001,33214,32627,33150,33300,32550,32700,under,8,15,larva,205,490
Z001,33214,32627,33150,33300,32550,32700,under,8,15,scarab,138,240
Z001,33214,32627,33150,33300,32550,32700,under,8,15,mummy,38,85
Z001,33214,32627,33150,33300,32550,32700,under,8,15,demon-skeleton,30,67
Z001,33214,32627,33150,33300,32550,32700,under,8,15,ghoul,28,70
Z001,33214,32627,33150,33300,32550,32700,under,8,15,skeleton,28,75
Z001,33214,32627,33150,33300,32550,32700,under,8,15,ghost,27,71
Z001,33214,32627,33150,33300,32550,32700,under,8,15,vampire,27,44
Z001,33214,32627,33150,33300,32550,32700,under,8,15,crypt-shambler,15,32
Z001,33214,32627,33150,33300,32550,32700,under,8,15,gargoyle,13,33
Z001,33214,32627,33150,33300,32550,32700,under,8,15,stone-golem,13,33
Z001,33214,32627,33150,33300,32550,32700,under,8,15,snake,11,32
Z001,33214,32627,33150,33300,32550,32700,under,8,15,stalker,11,28
Z001,33214,32627,33150,33300,32550,32700,under,8,15,banshee,10,16
Z001,33214,32627,33150,33300,32550,32700,under,8,15,bonebeast,8,8
Z001,33214,32627,33150,33300,32550,32700,under,8,15,shredderthrower,8,8
Z001,33214,32627,33150,33300,32550,32700,under,8,15,necromancer,7,15
Z001,33214,32627,33150,33300,32550,32700,under,8,15,scorpion,6,13
Z001,33214,32627,33150,33300,32550,32700,under,8,15,slime,6,11
Z001,33214,32627,33150,33300,32550,32700,under,8,15,cobra,5,10
Z001,33214,32627,33150,33300,32550,32700,under,8,15,beholder,4,7
Z001,33214,32627,33150,33300,32550,32700,under,8,15,deathslicer,4,4
Z001,33214,32627,33150,33300,32550,32700,under,8,15,behemoth,3,4
Z001,33214,32627,33150,33300,32550,32700,under,8,15,lich,3,3
Z001,33214,32627,33150,33300,32550,32700,under,8,15,ancient-scarab,2,3
Z001,33214,32627,33150,33300,32550,32700,under,8,15,amazon,1,1
Z001,33214,32627,33150,33300,32550,32700,under,8,15,dwarf,1,1
Z001,33214,32627,33150,33300,32550,32700,under,8,15,elf,1,1
Z001,33214,32627,33150,33300,32550,32700,under,8,15,fire-elemental,1,1
Z001,33214,32627,33150,33300,32550,32700,under,8,15,hyaena,1,2
Z001,33214,32627,33150,33300,32550,32700,under,8,15,morguthis,1,1
Z001,33214,32627,33150,33300,32550,32700,under,8,15,poison-spider,1,4
Z002,33225,32774,33150,33300,32700,32850,under,8,15,larva,120,318
Z002,33225,32774,33150,33300,32700,32850,under,8,15,scarab,81,154
Z002,33225,32774,33150,33300,32700,32850,under,8,15,ghoul,29,71
Z002,33225,32774,33150,33300,32700,32850,under,8,15,mummy,29,73
Z002,33225,32774,33150,33300,32700,32850,under,8,15,skeleton,21,57
Z002,33225,32774,33150,33300,32700,32850,under,8,15,crypt-shambler,18,44
Z002,33225,32774,33150,33300,32700,32850,under,8,15,demon-skeleton,18,35
Z002,33225,32774,33150,33300,32700,32850,under,8,15,vampire,11,18
Z002,33225,32774,33150,33300,32700,32850,under,8,15,ghost,10,19
Z002,33225,32774,33150,33300,32700,32850,under,8,15,ancient-scarab,9,15
Z002,33225,32774,33150,33300,32700,32850,under,8,15,cave-rat,8,27
Z002,33225,32774,33150,33300,32700,32850,under,8,15,fire-elemental,8,21
Z002,33225,32774,33150,33300,32700,32850,under,8,15,poison-spider,8,28
Z002,33225,32774,33150,33300,32700,32850,under,8,15,flamethrower,7,7
Z002,33225,32774,33150,33300,32700,32850,under,8,15,green-djinn,6,9
Z002,33225,32774,33150,33300,32700,32850,under,8,15,slime,5,11
Z002,33225,32774,33150,33300,32700,32850,under,8,15,scorpion,4,7
Z002,33225,32774,33150,33300,32700,32850,under,8,15,cobra,3,9
Z002,33225,32774,33150,33300,32700,32850,under,8,15,dragon,3,4
Z002,33225,32774,33150,33300,32700,32850,under,8,15,fire-devil,3,6
Z002,33225,32774,33150,33300,32700,32850,under,8,15,gargoyle,3,7
Z002,33225,32774,33150,33300,32700,32850,under,8,15,stalker,3,4
Z002,33225,32774,33150,33300,32700,32850,under,8,15,hyaena,2,5
Z002,33225,32774,33150,33300,32700,32850,under,8,15,necromancer,2,4
Z002,33225,32774,33150,33300,32700,32850,under,8,15,snake,2,5
Z002,33225,32774,33150,33300,32700,32850,under,8,15,beholder,1,1
Z002,33225,32774,33150,33300,32700,32850,under,8,15,deathslicer,1,1
Z002,33225,32774,33150,33300,32700,32850,under,8,15,lich,1,1
Z003,33088,32628,33000,33150,32550,32700,under,8,15,larva,87,214
Z003,33088,32628,33000,33150,32550,32700,under,8,15,scarab,56,110
Z003,33088,32628,33000,33150,32550,32700,under,8,15,skeleton,26,76
Z003,33088,32628,33000,33150,32550,32700,under,8,15,mummy,21,61
Z003,33088,32628,33000,33150,32550,32700,under,8,15,gargoyle,20,58
Z003,33088,32628,33000,33150,32550,32700,under,8,15,stalker,18,49
Z003,33088,32628,33000,33150,32550,32700,under,8,15,vampire,18,46
Z003,33088,32628,33000,33150,32550,32700,under,8,15,beholder,17,27
Z003,33088,32628,33000,33150,32550,32700,under,8,15,ghost,17,52
Z003,33088,32628,33000,33150,32550,32700,under,8,15,magicthrower,16,16
Z003,33088,32628,33000,33150,32550,32700,under,8,15,green-djinn,13,28
Z003,33088,32628,33000,33150,32550,32700,under,8,15,demon-skeleton,12,27
Z003,33088,32628,33000,33150,32550,32700,under,8,15,ghoul,10,23
Z003,33088,32628,33000,33150,32550,32700,under,8,15,ancient-scarab,9,20
Z003,33088,32628,33000,33150,32550,32700,under,8,15,lich,7,7
Z003,33088,32628,33000,33150,32550,32700,under,8,15,necromancer,7,12
Z003,33088,32628,33000,33150,32550,32700,under,8,15,poison-spider,6,18
Z003,33088,32628,33000,33150,32550,32700,under,8,15,priestess,5,7
Z003,33088,32628,33000,33150,32550,32700,under,8,15,scorpion,5,16
Z003,33088,32628,33000,33150,32550,32700,under,8,15,snake,5,13
Z003,33088,32628,33000,33150,32550,32700,under,8,15,bonebeast,4,5
Z003,33088,32628,33000,33150,32550,32700,under,8,15,crypt-shambler,4,10
Z003,33088,32628,33000,33150,32550,32700,under,8,15,hyaena,4,12
Z003,33088,32628,33000,33150,32550,32700,under,8,15,slime,4,6
Z003,33088,32628,33000,33150,32550,32700,under,8,15,cobra,3,4
Z003,33088,32628,33000,33150,32550,32700,under,8,15,efreet,3,6
Z003,33088,32628,33000,33150,32550,32700,under,8,15,banshee,2,5
Z003,33088,32628,33000,33150,32550,32700,under,8,15,shredderthrower,2,2
Z003,33088,32628,33000,33150,32550,32700,under,8,15,stone-golem,2,6
Z003,33088,32628,33000,33150,32550,32700,under,8,15,behemoth,1,1
Z003,33088,32628,33000,33150,32550,32700,under,8,15,dipthrah,1,1
Z003,33088,32628,33000,33150,32550,32700,under,8,15,vashresamun,1,1
Z003,33088,32628,33000,33150,32550,32700,under,8,15,warlock,1,1
Z004,33084,32767,33000,33150,32700,32850,under,8,15,larva,120,294
Z004,33084,32767,33000,33150,32700,32850,under,8,15,scarab,82,137
Z004,33084,32767,33000,33150,32700,32850,under,8,15,ghost,18,46
Z004,33084,32767,33000,33150,32700,32850,under,8,15,beholder,15,34
Z004,33084,32767,33000,33150,32700,32850,under,8,15,mummy,15,45
Z004,33084,32767,33000,33150,32700,32850,under,8,15,vampire,15,44
Z004,33084,32767,33000,33150,32700,32850,under,8,15,ancient-scarab,12,24
Z004,33084,32767,33000,33150,32700,32850,under,8,15,stalker,11,39
Z004,33084,32767,33000,33150,32700,32850,under,8,15,skeleton,9,23
Z004,33084,32767,33000,33150,32700,32850,under,8,15,green-djinn,8,16
Z004,33084,32767,33000,33150,32700,32850,under,8,15,scorpion,8,20
Z004,33084,32767,33000,33150,32700,32850,under,8,15,demon-skeleton,7,14
Z004,33084,32767,33000,33150,32700,32850,under,8,15,ghoul,7,13
Z004,33084,32767,33000,33150,32700,32850,under,8,15,lich,6,8
Z004,33084,32767,33000,33150,32700,32850,under,8,15,necromancer,6,10
Z004,33084,32767,33000,33150,32700,32850,under,8,15,crypt-shambler,4,7
Z004,33084,32767,33000,33150,32700,32850,under,8,15,illusion,3,9
Z004,33084,32767,33000,33150,32700,32850,under,8,15,slime,3,5
Z004,33084,32767,33000,33150,32700,32850,under,8,15,lion,2,3
Z004,33084,32767,33000,33150,32700,32850,under,8,15,poison-spider,2,4
Z004,33084,32767,33000,33150,32700,32850,under,8,15,warlock,2,2
Z004,33084,32767,33000,33150,32700,32850,under,8,15,cobra,1,4
Z004,33084,32767,33000,33150,32700,32850,under,8,15,gargoyle,1,2
Z004,33084,32767,33000,33150,32700,32850,under,8,15,magicthrower,1,1
Z004,33084,32767,33000,33150,32700,32850,under,8,15,rahemos,1,1
Z004,33084,32767,33000,33150,32700,32850,under,8,15,snake,1,2
Z005,32025,32190,31950,32100,32100,32250,under,8,13,rat,103,181
Z005,32025,32190,31950,32100,32100,32250,under,8,13,bug,35,58
Z005,32025,32190,31950,32100,32100,32250,under,8,13,troll,28,61
Z005,32025,32190,31950,32100,32100,32250,under,8,13,spider,23,53
Z005,32025,32190,31950,32100,32100,32250,under,8,13,goblin,17,20
Z005,32025,32190,31950,32100,32100,32250,under,8,13,cave-rat,16,22
Z005,32025,32190,31950,32100,32100,32250,under,8,13,skeleton,16,21
Z005,32025,32190,31950,32100,32100,32250,under,8,13,orc,11,17
Z005,32025,32190,31950,32100,32100,32250,under,8,13,poison-spider,10,26
Z005,32025,32190,31950,32100,32100,32250,under,8,13,rabbit,7,7
Z005,32025,32190,31950,32100,32100,32250,under,8,13,wolf,5,10
Z005,32025,32190,31950,32100,32100,32250,under,8,13,orc-spearman,4,4
Z005,32025,32190,31950,32100,32100,32250,under,8,13,snake,3,7
Z005,32025,32190,31950,32100,32100,32250,under,8,13,minotaur,2,2
Z005,32025,32190,31950,32100,32100,32250,under,8,13,rotworm,1,1
Z005,32025,32190,31950,32100,32100,32250,under,8,13,wasp,1,1
Z006,32484,31909,32400,32550,31800,31950,under,8,15,dwarf-guard,118,140
Z006,32484,31909,32400,32550,31800,31950,under,8,15,dwarf,35,109
Z006,32484,31909,32400,32550,31800,31950,under,8,15,rotworm,30,80
Z006,32484,31909,32400,32550,31800,31950,under,8,15,dwarf-soldier,26,84
Z006,32484,31909,32400,32550,31800,31950,under,8,15,slime,12,20
Z006,32484,31909,32400,32550,31800,31950,under,8,15,minotaur,9,21
Z006,32484,31909,32400,32550,31800,31950,under,8,15,poison-spider,7,17
Z006,32484,31909,32400,32550,31800,31950,under,8,15,minotaur-archer,4,6
Z006,32484,31909,32400,32550,31800,31950,under,8,15,giant-spider,2,3
Z006,32484,31909,32400,32550,31800,31950,under,8,15,troll,2,6
Z006,32484,31909,32400,32550,31800,31950,under,8,15,dwarf-geomancer,1,2
Z007,33355,32763,33300,33450,32700,32850,under,8,15,crypt-shambler,34,71
Z007,33355,32763,33300,33450,32700,32850,under,8,15,scarab,33,85
Z007,33355,32763,33300,33450,32700,32850,under,8,15,slime,29,71
Z007,33355,32763,33300,33450,32700,32850,under,8,15,mummy,26,60
Z007,33355,32763,33300,33450,32700,32850,under,8,15,ghoul,23,48
Z007,33355,32763,33300,33450,32700,32850,under,8,15,bonebeast,10,13
Z007,33355,32763,33300,33450,32700,32850,under,8,15,larva,10,27
Z007,33355,32763,33300,33450,32700,32850,under,8,15,vampire,10,17
Z007,33355,32763,33300,33450,32700,32850,under,8,15,cobra,9,19
Z007,33355,32763,33300,33450,32700,32850,under,8,15,scorpion,9,25
Z007,33355,32763,33300,33450,32700,32850,under,8,15,plaguethrower,8,8
Z007,33355,32763,33300,33450,32700,32850,under,8,15,skeleton,7,18
Z007,33355,32763,33300,33450,32700,32850,under,8,15,necromancer,5,10
Z007,33355,32763,33300,33450,32700,32850,under,8,15,ancient-scarab,4,7
Z007,33355,32763,33300,33450,32700,32850,under,8,15,demon-skeleton,4,5
Z007,33355,32763,33300,33450,32700,32850,under,8,15,ghost,3,6
Z007,33355,32763,33300,33450,32700,32850,under,8,15,giant-spider,3,3
Z007,33355,32763,33300,33450,32700,32850,under,8,15,fire-elemental,2,6
Z007,33355,32763,33300,33450,32700,32850,under,8,15,poison-spider,2,4
Z007,33355,32763,33300,33450,32700,32850,under,8,15,beholder,1,1
Z007,33355,32763,33300,33450,32700,32850,under,8,15,stalker,1,2
Z007,33355,32763,33300,33450,32700,32850,under,8,15,thalas,1,1
Z008,33093,32908,33000,33150,32850,33000,under,8,14,stalker,38,140
Z008,33093,32908,33000,33150,32850,33000,under,8,14,ghost,28,83
Z008,33093,32908,33000,33150,32850,33000,under,8,14,vampire,21,65
Z008,33093,32908,33000,33150,32850,33000,under,8,14,mummy,17,45
Z008,33093,32908,33000,33150,32850,33000,under,8,14,demon-skeleton,14,25
Z008,33093,32908,33000,33150,32850,33000,under,8,14,bonebeast,9,12
Z008,33093,32908,33000,33150,32850,33000,under,8,14,scorpion,9,21
Z008,33093,32908,33000,33150,32850,33000,under,8,14,skeleton,9,21
Z008,33093,32908,33000,33150,32850,33000,under,8,14,larva,8,18
Z008,33093,32908,33000,33150,32850,33000,under,8,14,scarab,8,12
Z008,33093,32908,33000,33150,32850,33000,under,8,14,ghoul,7,13
Z008,33093,32908,33000,33150,32850,33000,under,8,14,cave-rat,6,24
Z008,33093,32908,33000,33150,32850,33000,under,8,14,necromancer,6,11
Z008,33093,32908,33000,33150,32850,33000,under,8,14,crypt-shambler,4,7
Z008,33093,32908,33000,33150,32850,33000,under,8,14,lion,4,6
Z008,33093,32908,33000,33150,32850,33000,under,8,14,snake,4,9
Z008,33093,32908,33000,33150,32850,33000,under,8,14,beholder,3,4
Z008,33093,32908,33000,33150,32850,33000,under,8,14,gargoyle,3,6
Z008,33093,32908,33000,33150,32850,33000,under,8,14,slime,3,7
Z008,33093,32908,33000,33150,32850,33000,under,8,14,cobra,2,3
Z008,33093,32908,33000,33150,32850,33000,under,8,14,flamethrower,2,2
Z008,33093,32908,33000,33150,32850,33000,under,8,14,green-djinn,2,2
Z008,33093,32908,33000,33150,32850,33000,under,8,14,magicthrower,2,2
Z008,33093,32908,33000,33150,32850,33000,under,8,14,plaguethrower,2,2
Z008,33093,32908,33000,33150,32850,33000,under,8,14,poison-spider,2,5
Z008,33093,32908,33000,33150,32850,33000,under,8,14,shredderthrower,2,2
Z008,33093,32908,33000,33150,32850,33000,under,8,14,stone-golem,1,1
Z009,32198,31890,32100,32250,31800,31950,under,8,15,ghoul,44,90
Z009,32198,31890,32100,32250,31800,31950,under,8,15,demon-skeleton,38,85
Z009,32198,31890,32100,32250,31800,31950,under,8,15,skeleton,25,56
Z009,32198,31890,32100,32250,31800,31950,under,8,15,ghost,19,33
Z009,32198,31890,32100,32250,31800,31950,under,8,15,scorpion,19,50
Z009,32198,31890,32100,32250,31800,31950,under,8,15,stalker,15,29
Z009,32198,31890,32100,32250,31800,31950,under,8,15,cave-rat,8,20
Z009,32198,31890,32100,32250,31800,31950,under,8,15,monk,8,13
Z009,32198,31890,32100,32250,31800,31950,under,8,15,banshee,6,14
Z009,32198,31890,32100,32250,31800,31950,under,8,15,giant-spider,4,4
Z009,32198,31890,32100,32250,31800,31950,under,8,15,poison-spider,4,12
Z009,32198,31890,32100,32250,31800,31950,under,8,15,mummy,3,5
Z009,32198,31890,32100,32250,31800,31950,under,8,15,slime,3,5
Z009,32198,31890,32100,32250,31800,31950,under,8,15,beholder,2,3
Z009,32198,31890,32100,32250,31800,31950,under,8,15,dragon-lord,2,2
Z009,32198,31890,32100,32250,31800,31950,under,8,15,demon,1,1
Z009,32198,31890,32100,32250,31800,31950,under,8,15,fire-devil,1,1
Z009,32198,31890,32100,32250,31800,31950,under,8,15,rotworm,1,1
Z009,32198,31890,32100,32250,31800,31950,under,8,15,vampire,1,1
Z009,32198,31890,32100,32250,31800,31950,under,8,15,witch,1,1
Z010,32485,31992,32400,32550,31950,32100,under,8,15,dwarf-guard,71,112
Z010,32485,31992,32400,32550,31950,32100,under,8,15,dwarf-soldier,32,119
Z010,32485,31992,32400,32550,31950,32100,under,8,15,rotworm,18,52
Z010,32485,31992,32400,32550,31950,32100,under,8,15,dwarf,14,35
Z010,32485,31992,32400,32550,31950,32100,under,8,15,hellforged-devil,14,24
Z010,32485,31992,32400,32550,31950,32100,under,8,15,dwarf-geomancer,6,12
Z010,32485,31992,32400,32550,31950,32100,under,8,15,minotaur-archer,6,7
Z010,32485,31992,32400,32550,31950,32100,under,8,15,poison-spider,6,13
Z010,32485,31992,32400,32550,31950,32100,under,8,15,cave-rat,5,16
Z010,32485,31992,32400,32550,31950,32100,under,8,15,cyclops,5,14
Z010,32485,31992,32400,32550,31950,32100,under,8,15,minotaur,5,17
Z010,32485,31992,32400,32550,31950,32100,under,8,15,ghoul,4,18
Z010,32485,31992,32400,32550,31950,32100,under,8,15,skeleton,3,14
Z010,32485,31992,32400,32550,31950,32100,under,8,15,giant-spider,2,2
Z010,32485,31992,32400,32550,31950,32100,under,8,15,minotaur-guard,2,5
Z010,32485,31992,32400,32550,31950,32100,under,8,15,demon-skeleton,1,2
Z010,32485,31992,32400,32550,31950,32100,under,8,15,orc,1,4
Z010,32485,31992,32400,32550,31950,32100,under,8,15,orc-spearman,1,4
Z010,32485,31992,32400,32550,31950,32100,under,8,15,orc-warrior,1,2
Z010,32485,31992,32400,32550,31950,32100,under,8,15,rat,1,8
Z010,32485,31992,32400,32550,31950,32100,under,8,15,slime,1,1
Z010,32485,31992,32400,32550,31950,32100,under,8,15,spider,1,3
Z011,33206,32897,33150,33300,32850,33000,under,8,15,magicthrower,26,26
Z011,33206,32897,33150,33300,32850,33000,under,8,15,demon-skeleton,19,40
Z011,33206,32897,33150,33300,32850,33000,under,8,15,mummy,17,41
Z011,33206,32897,33150,33300,32850,33000,under,8,15,crypt-shambler,15,42
Z011,33206,32897,33150,33300,32850,33000,under,8,15,fire-elemental,14,34
Z011,33206,32897,33150,33300,32850,33000,under,8,15,ghost,14,38
Z011,33206,32897,33150,33300,32850,33000,under,8,15,vampire,13,32
Z011,33206,32897,33150,33300,32850,33000,under,8,15,ghoul,11,30
Z011,33206,32897,33150,33300,32850,33000,under,8,15,stalker,10,37
Z011,33206,32897,33150,33300,32850,33000,under,8,15,necromancer,9,18
Z011,33206,32897,33150,33300,32850,33000,under,8,15,flamethrower,6,6
Z011,33206,32897,33150,33300,32850,33000,under,8,15,skeleton,6,18
Z011,33206,32897,33150,33300,32850,33000,under,8,15,larva,4,15
Z011,33206,32897,33150,33300,32850,33000,under,8,15,scarab,4,11
Z011,33206,32897,33150,33300,32850,33000,under,8,15,shredderthrower,4,4
Z011,33206,32897,33150,33300,32850,33000,under,8,15,green-djinn,3,6
Z011,33206,32897,33150,33300,32850,33000,under,8,15,poison-spider,3,11
Z011,33206,32897,33150,33300,32850,33000,under,8,15,behemoth,2,2
Z011,33206,32897,33150,33300,32850,33000,under,8,15,beholder,2,3
Z011,33206,32897,33150,33300,32850,33000,under,8,15,bonebeast,2,2
Z011,33206,32897,33150,33300,32850,33000,under,8,15,dragon,2,3
Z011,33206,32897,33150,33300,32850,33000,under,8,15,fire-devil,2,4
Z011,33206,32897,33150,33300,32850,33000,under,8,15,plaguethrower,2,2
Z011,33206,32897,33150,33300,32850,33000,under,8,15,ashmunrah,1,1
Z011,33206,32897,33150,33300,32850,33000,under,8,15,cobra,1,1
Z011,33206,32897,33150,33300,32850,33000,under,8,15,dragon-lord,1,1
Z011,33206,32897,33150,33300,32850,33000,under,8,15,gargoyle,1,2
Z011,33206,32897,33150,33300,32850,33000,under,8,15,mahrdis,1,1
Z011,33206,32897,33150,33300,32850,33000,under,8,15,omruc,1,1
Z011,33206,32897,33150,33300,32850,33000,under,8,15,scorpion,1,2
Z011,33206,32897,33150,33300,32850,33000,under,8,15,slime,1,1
Z012,33077,32487,33000,33150,32400,32550,under,8,14,demon-skeleton,22,53
Z012,33077,32487,33000,33150,32400,32550,under,8,14,ghoul,21,51
Z012,33077,32487,33000,33150,32400,32550,under,8,14,skeleton,19,49
Z012,33077,32487,33000,33150,32400,32550,under,8,14,rotworm,16,42
Z012,33077,32487,33000,33150,32400,32550,under,8,14,vampire,15,30
Z012,33077,32487,33000,33150,32400,32550,under,8,14,ghost,12,29
Z012,33077,32487,33000,33150,32400,32550,under,8,14,mummy,11,25
Z012,33077,32487,33000,33150,32400,32550,under,8,14,blue-djinn,10,25
Z012,33077,32487,33000,33150,32400,32550,under,8,14,scarab,7,20
Z012,33077,32487,33000,33150,32400,32550,under,8,14,necromancer,6,10
Z012,33077,32487,33000,33150,32400,32550,under,8,14,stalker,6,12
Z012,33077,32487,33000,33150,32400,32550,under,8,14,beholder,5,8
Z012,33077,32487,33000,33150,32400,32550,under,8,14,stone-golem,5,13
Z012,33077,32487,33000,33150,32400,32550,under,8,14,fire-elemental,4,11
Z012,33077,32487,33000,33150,32400,32550,under,8,14,larva,4,8
Z012,33077,32487,33000,33150,32400,32550,under,8,14,marid,4,5
Z012,33077,32487,33000,33150,32400,32550,under,8,14,priestess,4,5
Z012,33077,32487,33000,33150,32400,32550,under,8,14,snake,4,13
Z012,33077,32487,33000,33150,32400,32550,under,8,14,magicthrower,3,3
Z012,33077,32487,33000,33150,32400,32550,under,8,14,gargoyle,2,2
Z012,33077,32487,33000,33150,32400,32550,under,8,14,lion,2,7
Z012,33077,32487,33000,33150,32400,32550,under,8,14,scorpion,2,5
Z012,33077,32487,33000,33150,32400,32550,under,8,14,slime,2,5
Z012,33077,32487,33000,33150,32400,32550,under,8,14,cave-rat,1,3
Z012,33077,32487,33000,33150,32400,32550,under,8,14,hyaena,1,5
Z012,33077,32487,33000,33150,32400,32550,under,8,14,lich,1,1
Z013,32640,32460,32550,32700,32400,32550,under,8,15,banshee,24,24
Z013,32640,32460,32550,32700,32400,32550,under,8,15,dark-monk,24,62
Z013,32640,32460,32550,32700,32400,32550,under,8,15,assassin,20,62
Z013,32640,32460,32550,32700,32400,32550,under,8,15,shadow-wraith,17,17
Z013,32640,32460,32550,32700,32400,32550,under,8,15,ghoul,15,18
Z013,32640,32460,32550,32700,32400,32550,under,8,15,ghost,14,19
Z013,32640,32460,32550,32700,32400,32550,under,8,15,witch,12,25
Z013,32640,32460,32550,32700,32400,32550,under,8,15,necromancer,10,10
Z013,32640,32460,32550,32700,32400,32550,under,8,15,demon-skeleton,9,10
Z013,32640,32460,32550,32700,32400,32550,under,8,15,hunter,4,7
Z013,32640,32460,32550,32700,32400,32550,under,8,15,monk,4,10
Z013,32640,32460,32550,32700,32400,32550,under,8,15,skeleton,4,6
Z013,32640,32460,32550,32700,32400,32550,under,8,15,stalker,4,4
Z013,32640,32460,32550,32700,32400,32550,under,8,15,bonebeast,3,3
Z013,32640,32460,32550,32700,32400,32550,under,8,15,beholder,2,2
Z013,32640,32460,32550,32700,32400,32550,under,8,15,mummy,2,4
Z013,32640,32460,32550,32700,32400,32550,under,8,15,bandit,1,4
Z013,32640,32460,32550,32700,32400,32550,under,8,15,lich,1,1
Z013,32640,32460,32550,32700,32400,32550,under,8,15,stone-golem,1,2
Z013,32640,32460,32550,32700,32400,32550,under,8,15,wild-warrior,1,5
Z014,32932,32776,32850,33000,32700,32850,ground,7,7,lizard-sentinel,19,53
Z014,32932,32776,32850,33000,32700,32850,ground,7,7,lizard-templar,15,36
Z014,32932,32776,32850,33000,32700,32850,ground,7,7,flamingo,14,38
Z014,32932,32776,32850,33000,32700,32850,ground,7,7,centipede,11,37
Z014,32932,32776,32850,33000,32700,32850,ground,7,7,cobra,10,19
Z014,32932,32776,32850,33000,32700,32850,ground,7,7,poison-spider,10,36
Z014,32932,32776,32850,33000,32700,32850,ground,7,7,crocodile,9,18
Z014,32932,32776,32850,33000,32700,32850,ground,7,7,bug,8,23
Z014,32932,32776,32850,33000,32700,32850,ground,7,7,spider,6,21
Z014,32932,32776,32850,33000,32700,32850,ground,7,7,carniphila,5,8
Z014,32932,32776,32850,33000,32700,32850,ground,7,7,elephant,5,12
Z014,32932,32776,32850,33000,32700,32850,ground,7,7,lizard-snakecharmer,5,5
Z014,32932,32776,32850,33000,32700,32850,ground,7,7,snake,5,14
Z014,32932,32776,32850,33000,32700,32850,ground,7,7,wasp,5,15
Z014,32932,32776,32850,33000,32700,32850,ground,7,7,red-butterfly,4,9
Z014,32932,32776,32850,33000,32700,32850,ground,7,7,tarantula,4,9
Z014,32932,32776,32850,33000,32700,32850,ground,7,7,tiger,3,3
Z014,32932,32776,32850,33000,32700,32850,ground,7,7,yellow-butterfly,3,6
Z014,32932,32776,32850,33000,32700,32850,ground,7,7,blue-butterfly,2,11
Z014,32932,32776,32850,33000,32700,32850,ground,7,7,parrot,2,5
Z014,32932,32776,32850,33000,32700,32850,ground,7,7,scarab,2,6
Z014,32932,32776,32850,33000,32700,32850,ground,7,7,skunk,2,4
Z014,32932,32776,32850,33000,32700,32850,ground,7,7,cave-rat,1,2
Z014,32932,32776,32850,33000,32700,32850,ground,7,7,dworc-fleshhunter,1,3
Z014,32932,32776,32850,33000,32700,32850,ground,7,7,dworc-venomsniper,1,2
Z014,32932,32776,32850,33000,32700,32850,ground,7,7,hunter,1,2
Z014,32932,32776,32850,33000,32700,32850,ground,7,7,hydra,1,1
Z014,32932,32776,32850,33000,32700,32850,ground,7,7,larva,1,4
Z014,32932,32776,32850,33000,32700,32850,ground,7,7,panda,1,2
Z014,32932,32776,32850,33000,32700,32850,ground,7,7,slime,1,2
Z014,32932,32776,32850,33000,32700,32850,ground,7,7,swamp-troll,1,4
Z015,32773,32511,32700,32850,32400,32550,under,8,14,shadow-wraith,24,24
Z015,32773,32511,32700,32850,32400,32550,under,8,14,kongra,21,61
Z015,32773,32511,32700,32850,32400,32550,under,8,14,sibang,21,54
Z015,32773,32511,32700,32850,32400,32550,under,8,14,merlkin,15,27
Z015,32773,32511,32700,32850,32400,32550,under,8,14,beholder,14,18
Z015,32773,32511,32700,32850,32400,32550,under,8,14,bonebeast,9,20
Z015,32773,32511,32700,32850,32400,32550,under,8,14,slime,8,22
Z015,32773,32511,32700,32850,32400,32550,under,8,14,gargoyle,5,19
Z015,32773,32511,32700,32850,32400,32550,under,8,14,skeleton,5,15
Z015,32773,32511,32700,32850,32400,32550,under,8,14,efreet,4,5
Z015,32773,32511,32700,32850,32400,32550,under,8,14,ghoul,4,8
Z015,32773,32511,32700,32850,32400,32550,under,8,14,stone-golem,4,10
Z015,32773,32511,32700,32850,32400,32550,under,8,14,elder-beholder,3,4
Z015,32773,32511,32700,32850,32400,32550,under,8,14,green-djinn,3,6
Z015,32773,32511,32700,32850,32400,32550,under,8,14,hydra,2,4
Z015,32773,32511,32700,32850,32400,32550,under,8,14,serpent-spawn,2,5
Z015,32773,32511,32700,32850,32400,32550,under,8,14,banshee,1,1
Z015,32773,32511,32700,32850,32400,32550,under,8,14,carniphila,1,1
Z015,32773,32511,32700,32850,32400,32550,under,8,14,crypt-shambler,1,1
Z016,32185,31275,32100,32250,31200,31350,ground,7,7,demon-skeleton,52,52
Z016,32185,31275,32100,32250,31200,31350,ground,7,7,giant-demon-skeleton,38,38
Z016,32185,31275,32100,32250,31200,31350,ground,7,7,spectre,31,31
Z016,32185,31275,32100,32250,31200,31350,ground,7,7,ghoul,24,24
Z017,32787,32328,32700,32850,32250,32400,under,8,15,demon-skeleton,35,102
Z017,32787,32328,32700,32850,32250,32400,under,8,15,ghoul,27,56
Z017,32787,32328,32700,32850,32250,32400,under,8,15,dragon-lord,20,36
Z017,32787,32328,32700,32850,32250,32400,under,8,15,giant-spider,10,18
Z017,32787,32328,32700,32850,32250,32400,under,8,15,skeleton,10,25
Z017,32787,32328,32700,32850,32250,32400,under,8,15,dragon,6,15
Z017,32787,32328,32700,32850,32250,32400,under,8,15,fire-devil,6,9
Z017,32787,32328,32700,32850,32250,32400,under,8,15,rotworm,6,17
Z017,32787,32328,32700,32850,32250,32400,under,8,15,slime,6,12
Z017,32787,32328,32700,32850,32250,32400,under,8,15,poison-spider,5,18
Z017,32787,32328,32700,32850,32250,32400,under,8,15,mummy,3,13
Z017,32787,32328,32700,32850,32250,32400,under,8,15,scorpion,3,6
Z017,32787,32328,32700,32850,32250,32400,under,8,15,tarantula,3,7
Z017,32787,32328,32700,32850,32250,32400,under,8,15,cave-rat,1,5
Z017,32787,32328,32700,32850,32250,32400,under,8,15,cyclops,1,4
Z018,32788,32622,32700,32850,32550,32700,ground,7,7,sibang,17,43
Z018,32788,32622,32700,32850,32550,32700,ground,7,7,kongra,16,29
Z018,32788,32622,32700,32850,32550,32700,ground,7,7,bug,10,33
Z018,32788,32622,32700,32850,32550,32700,ground,7,7,centipede,9,28
Z018,32788,32622,32700,32850,32550,32700,ground,7,7,cobra,8,10
Z018,32788,32622,32700,32850,32550,32700,ground,7,7,snake,8,23
Z018,32788,32622,32700,32850,32550,32700,ground,7,7,tiger,7,10
Z018,32788,32622,32700,32850,32550,32700,ground,7,7,bat,5,18
Z018,32788,32622,32700,32850,32550,32700,ground,7,7,blue-butterfly,5,17
Z018,32788,32622,32700,32850,32550,32700,ground,7,7,merlkin,5,5
Z018,32788,32622,32700,32850,32550,32700,ground,7,7,spider,5,17
Z018,32788,32622,32700,32850,32550,32700,ground,7,7,wasp,5,11
Z018,32788,32622,32700,32850,32550,32700,ground,7,7,carniphila,4,6
Z018,32788,32622,32700,32850,32550,32700,ground,7,7,poison-spider,4,14
Z018,32788,32622,32700,32850,32550,32700,ground,7,7,cave-rat,3,7
Z018,32788,32622,32700,32850,32550,32700,ground,7,7,crocodile,3,5
Z018,32788,32622,32700,32850,32550,32700,ground,7,7,flamingo,3,8
Z018,32788,32622,32700,32850,32550,32700,ground,7,7,parrot,3,8
Z018,32788,32622,32700,32850,32550,32700,ground,7,7,red-butterfly,3,6
Z018,32788,32622,32700,32850,32550,32700,ground,7,7,skunk,3,6
Z018,32788,32622,32700,32850,32550,32700,ground,7,7,yellow-butterfly,3,6
Z018,32788,32622,32700,32850,32550,32700,ground,7,7,swamp-troll,2,6
Z018,32788,32622,32700,32850,32550,32700,ground,7,7,terror-bird,2,3
Z018,32788,32622,32700,32850,32550,32700,ground,7,7,slime,1,3
Z018,32788,32622,32700,32850,32550,32700,ground,7,7,spit-nettle,1,1
Z018,32788,32622,32700,32850,32550,32700,ground,7,7,tarantula,1,3
Z019,32156,31401,32100,32250,31350,31500,under,8,11,abomination,35,35
Z019,32156,31401,32100,32250,31350,31500,under,8,11,mummy,24,24
Z019,32156,31401,32100,32250,31350,31500,under,8,11,necromancer,24,24
Z019,32156,31401,32100,32250,31350,31500,under,8,11,demon-skeleton,22,22
Z019,32156,31401,32100,32250,31350,31500,under,8,11,wight,8,8
Z019,32156,31401,32100,32250,31350,31500,under,8,11,vampire,6,6
Z019,32156,31401,32100,32250,31350,31500,under,8,11,bonebeast,4,4
Z019,32156,31401,32100,32250,31350,31500,under,8,11,priestess,4,4
Z019,32156,31401,32100,32250,31350,31500,under,8,11,bat,2,7
Z019,32156,31401,32100,32250,31350,31500,under,8,11,lich,1,1
Z020,32656,32894,32550,32700,32850,33000,under,8,12,dworc-fleshhunter,42,134
Z020,32656,32894,32550,32700,32850,33000,under,8,12,dworc-venomsniper,42,130
Z020,32656,32894,32550,32700,32850,33000,under,8,12,centipede,20,42
Z020,32656,32894,32550,32700,32850,33000,under,8,12,dworc-voodoomaster,12,19
Z020,32656,32894,32550,32700,32850,33000,under,8,12,tarantula,9,21
Z020,32656,32894,32550,32700,32850,33000,under,8,12,poison-spider,3,6
Z021,32606,32011,32550,32700,31950,32100,under,8,15,rotworm,20,41
Z021,32606,32011,32550,32700,31950,32100,under,8,15,troll,19,42
Z021,32606,32011,32550,32700,31950,32100,under,8,15,dwarf-soldier,16,53
Z021,32606,32011,32550,32700,31950,32100,under,8,15,dwarf-guard,12,26
Z021,32606,32011,32550,32700,31950,32100,under,8,15,hellforged-devil,11,16
Z021,32606,32011,32550,32700,31950,32100,under,8,15,fire-devil,10,23
Z021,32606,32011,32550,32700,31950,32100,under,8,15,bug,6,17
Z021,32606,32011,32550,32700,31950,32100,under,8,15,dwarf,5,12
Z021,32606,32011,32550,32700,31950,32100,under,8,15,minotaur-archer,2,2
Z021,32606,32011,32550,32700,31950,32100,under,8,15,minotaur-mage,2,2
Z021,32606,32011,32550,32700,31950,32100,under,8,15,orc-berserker,2,4
Z021,32606,32011,32550,32700,31950,32100,under,8,15,orc-warrior,2,5
Z021,32606,32011,32550,32700,31950,32100,under,8,15,poison-spider,2,3
Z021,32606,32011,32550,32700,31950,32100,under,8,15,rat,2,4
Z021,32606,32011,32550,32700,31950,32100,under,8,15,slime,2,4
Z021,32606,32011,32550,32700,31950,32100,under,8,15,beholder,1,2
Z021,32606,32011,32550,32700,31950,32100,under,8,15,cyclops,1,5
Z021,32606,32011,32550,32700,31950,32100,under,8,15,minotaur,1,8
Z021,32606,32011,32550,32700,31950,32100,under,8,15,minotaur-guard,1,1
Z021,32606,32011,32550,32700,31950,32100,under,8,15,orc,1,3
Z021,32606,32011,32550,32700,31950,32100,under,8,15,snake,1,1
Z021,32606,32011,32550,32700,31950,32100,under,8,15,spider,1,6
Z021,32606,32011,32550,32700,31950,32100,under,8,15,witch,1,1
Z022,32612,31901,32550,32700,31800,31950,under,8,15,rotworm,26,67
Z022,32612,31901,32550,32700,31800,31950,under,8,15,dwarf-soldier,21,62
Z022,32612,31901,32550,32700,31800,31950,under,8,15,dwarf,20,61
Z022,32612,31901,32550,32700,31800,31950,under,8,15,dwarf-guard,15,31
Z022,32612,31901,32550,32700,31800,31950,under,8,15,poison-spider,11,33
Z022,32612,31901,32550,32700,31800,31950,under,8,15,spider,6,15
Z022,32612,31901,32550,32700,31800,31950,under,8,15,slime,4,6
Z022,32612,31901,32550,32700,31800,31950,under,8,15,cyclops,2,5
Z022,32612,31901,32550,32700,31800,31950,under,8,15,minotaur-mage,2,3
Z022,32612,31901,32550,32700,31800,31950,under,8,15,orc-berserker,2,5
Z022,32612,31901,32550,32700,31800,31950,under,8,15,orc-shaman,2,2
Z022,32612,31901,32550,32700,31800,31950,under,8,15,orc-warrior,2,5
Z022,32612,31901,32550,32700,31800,31950,under,8,15,dragon,1,1
Z022,32612,31901,32550,32700,31800,31950,under,8,15,goblin,1,1
Z022,32612,31901,32550,32700,31800,31950,under,8,15,minotaur,1,5
Z022,32612,31901,32550,32700,31800,31950,under,8,15,minotaur-archer,1,1
Z022,32612,31901,32550,32700,31800,31950,under,8,15,minotaur-guard,1,3
Z022,32612,31901,32550,32700,31800,31950,under,8,15,orc-spearman,1,3
Z022,32612,31901,32550,32700,31800,31950,under,8,15,rat,1,1
Z022,32612,31901,32550,32700,31800,31950,under,8,15,troll,1,3
Z023,33201,31899,33150,33300,31800,31950,under,8,12,rotworm,48,109
Z023,33201,31899,33150,33300,31800,31950,under,8,12,orc-warrior,16,46
Z023,33201,31899,33150,33300,31800,31950,under,8,12,poison-spider,15,55
Z023,33201,31899,33150,33300,31800,31950,under,8,12,orc-berserker,12,29
Z023,33201,31899,33150,33300,31800,31950,under,8,12,orc-spearman,10,33
Z023,33201,31899,33150,33300,31800,31950,under,8,12,orc-shaman,7,21
Z023,33201,31899,33150,33300,31800,31950,under,8,12,orc-leader,5,7
Z023,33201,31899,33150,33300,31800,31950,under,8,12,orc,4,12
Z023,33201,31899,33150,33300,31800,31950,under,8,12,giant-spider,1,1
Z024,33221,32518,33150,33300,32400,32550,under,8,15,scarab,24,61
Z024,33221,32518,33150,33300,32400,32550,under,8,15,larva,12,28
Z024,33221,32518,33150,33300,32400,32550,under,8,15,rotworm,12,34
Z024,33221,32518,33150,33300,32400,32550,under,8,15,mummy,9,20
Z024,33221,32518,33150,33300,32400,32550,under,8,15,ancient-scarab,7,13
Z024,33221,32518,33150,33300,32400,32550,under,8,15,stalker,7,23
Z024,33221,32518,33150,33300,32400,32550,under,8,15,ghost,5,12
Z024,33221,32518,33150,33300,32400,32550,under,8,15,vampire,5,6
Z024,33221,32518,33150,33300,32400,32550,under,8,15,skeleton,4,13
Z024,33221,32518,33150,33300,32400,32550,under,8,15,blue-djinn,3,7
Z024,33221,32518,33150,33300,32400,32550,under,8,15,cobra,3,7
Z024,33221,32518,33150,33300,32400,32550,under,8,15,ghoul,3,7
Z024,33221,32518,33150,33300,32400,32550,under,8,15,banshee,2,2
Z024,33221,32518,33150,33300,32400,32550,under,8,15,beholder,2,3
Z024,33221,32518,33150,33300,32400,32550,under,8,15,cave-rat,2,6
Z024,33221,32518,33150,33300,32400,32550,under,8,15,demon-skeleton,2,5
Z024,33221,32518,33150,33300,32400,32550,under,8,15,lich,2,2
Z024,33221,32518,33150,33300,32400,32550,under,8,15,lion,2,5
Z024,33221,32518,33150,33300,32400,32550,under,8,15,fire-elemental,1,3
Z024,33221,32518,33150,33300,32400,32550,under,8,15,gargoyle,1,2
Z024,33221,32518,33150,33300,32400,32550,under,8,15,hyaena,1,3
Z024,33221,32518,33150,33300,32400,32550,under,8,15,marid,1,1
Z024,33221,32518,33150,33300,32400,32550,under,8,15,poison-spider,1,4
Z024,33221,32518,33150,33300,32400,32550,under,8,15,rat,1,4
Z024,33221,32518,33150,33300,32400,32550,under,8,15,slime,1,2
Z025,32321,31256,32250,32400,31200,31350,under,8,11,demon-skeleton,55,55
Z025,32321,31256,32250,32400,31200,31350,under,8,11,ghoul,19,35
Z025,32321,31256,32250,32400,31200,31350,under,8,11,giant-demon-skeleton,18,18
Z025,32321,31256,32250,32400,31200,31350,under,8,11,mummy,5,5
Z025,32321,31256,32250,32400,31200,31350,under,8,11,necromancer,4,4
Z025,32321,31256,32250,32400,31200,31350,under,8,11,spectre,4,4
Z025,32321,31256,32250,32400,31200,31350,under,8,11,polar-bear,2,2
Z025,32321,31256,32250,32400,31200,31350,under,8,11,priestess,1,1
Z025,32321,31256,32250,32400,31200,31350,under,8,11,undead-dragon,1,1
Z025,32321,31256,32250,32400,31200,31350,under,8,11,wight,1,1
Z026,32754,32896,32700,32850,32850,33000,under,8,11,dworc-venomsniper,34,94
Z026,32754,32896,32700,32850,32850,33000,under,8,11,dworc-fleshhunter,32,96
Z026,32754,32896,32700,32850,32850,33000,under,8,11,dworc-voodoomaster,24,55
Z026,32754,32896,32700,32850,32850,33000,under,8,11,centipede,10,24
Z026,32754,32896,32700,32850,32850,33000,under,8,11,crypt-shambler,7,15
Z026,32754,32896,32700,32850,32850,33000,under,8,11,poison-spider,1,2
Z027,32776,32765,32700,32850,32700,32850,ground,7,7,bug,16,48
Z027,32776,32765,32700,32850,32700,32850,ground,7,7,centipede,10,29
Z027,32776,32765,32700,32850,32700,32850,ground,7,7,snake,10,28
Z027,32776,32765,32700,32850,32700,32850,ground,7,7,flamingo,9,24
Z027,32776,32765,32700,32850,32700,32850,ground,7,7,wasp,9,23
Z027,32776,32765,32700,32850,32700,32850,ground,7,7,cobra,6,6
Z027,32776,32765,32700,32850,32700,32850,ground,7,7,poison-spider,5,16
Z027,32776,32765,32700,32850,32700,32850,ground,7,7,skunk,5,12
Z027,32776,32765,32700,32850,32700,32850,ground,7,7,tarantula,5,11
Z027,32776,32765,32700,32850,32700,32850,ground,7,7,blue-butterfly,4,15
Z027,32776,32765,32700,32850,32700,32850,ground,7,7,crocodile,4,9
Z027,32776,32765,32700,32850,32700,32850,ground,7,7,tiger,4,4
Z027,32776,32765,32700,32850,32700,32850,ground,7,7,bat,3,9
Z027,32776,32765,32700,32850,32700,32850,ground,7,7,carniphila,3,4
Z027,32776,32765,32700,32850,32700,32850,ground,7,7,red-butterfly,3,8
Z027,32776,32765,32700,32850,32700,32850,ground,7,7,spider,3,9
Z027,32776,32765,32700,32850,32700,32850,ground,7,7,cave-rat,2,4
Z027,32776,32765,32700,32850,32700,32850,ground,7,7,parrot,2,4
Z027,32776,32765,32700,32850,32700,32850,ground,7,7,skeleton,1,3
Z027,32776,32765,32700,32850,32700,32850,ground,7,7,swamp-troll,1,4
Z027,32776,32765,32700,32850,32700,32850,ground,7,7,yellow-butterfly,1,3
Z028,32917,32627,32850,33000,32550,32700,ground,7,7,centipede,11,41
Z028,32917,32627,32850,33000,32550,32700,ground,7,7,giant-cobra,11,11
Z028,32917,32627,32850,33000,32550,32700,ground,7,7,blue-butterfly,7,26
Z028,32917,32627,32850,33000,32550,32700,ground,7,7,bug,7,22
Z028,32917,32627,32850,33000,32550,32700,ground,7,7,spider,7,20
Z028,32917,32627,32850,33000,32550,32700,ground,7,7,carniphila,6,10
Z028,32917,32627,32850,33000,32550,32700,ground,7,7,elephant,6,21
Z028,32917,32627,32850,33000,32550,32700,ground,7,7,wasp,6,18
Z028,32917,32627,32850,33000,32550,32700,ground,7,7,snake,5,13
Z028,32917,32627,32850,33000,32550,32700,ground,7,7,flamingo,4,12
Z028,32917,32627,32850,33000,32550,32700,ground,7,7,tarantula,4,9
Z028,32917,32627,32850,33000,32550,32700,ground,7,7,bat,3,11
Z028,32917,32627,32850,33000,32550,32700,ground,7,7,cave-rat,3,6
Z028,32917,32627,32850,33000,32550,32700,ground,7,7,skunk,3,6
Z028,32917,32627,32850,33000,32550,32700,ground,7,7,crocodile,2,4
Z028,32917,32627,32850,33000,32550,32700,ground,7,7,dwarf,2,4
Z028,32917,32627,32850,33000,32550,32700,ground,7,7,dwarf-guard,2,4
Z028,32917,32627,32850,33000,32550,32700,ground,7,7,kongra,2,3
Z028,32917,32627,32850,33000,32550,32700,ground,7,7,parrot,2,5
Z028,32917,32627,32850,33000,32550,32700,ground,7,7,poison-spider,2,7
Z028,32917,32627,32850,33000,32550,32700,ground,7,7,red-butterfly,2,4
Z028,32917,32627,32850,33000,32550,32700,ground,7,7,scorpion,2,6
Z028,32917,32627,32850,33000,32550,32700,ground,7,7,tiger,2,3
Z028,32917,32627,32850,33000,32550,32700,ground,7,7,cobra,1,1
Z028,32917,32627,32850,33000,32550,32700,ground,7,7,dwarf-soldier,1,1
Z028,32917,32627,32850,33000,32550,32700,ground,7,7,sibang,1,2
Z028,32917,32627,32850,33000,32550,32700,ground,7,7,yellow-butterfly,1,2
Z029,33236,31692,33150,33300,31650,31800,under,8,15,cyclops,31,83
Z029,33236,31692,33150,33300,31650,31800,under,8,15,behemoth,9,20
Z029,33236,31692,33150,33300,31650,31800,under,8,15,banshee,7,16
Z029,33236,31692,33150,33300,31650,31800,under,8,15,dwarf-soldier,7,22
Z029,33236,31692,33150,33300,31650,31800,under,8,15,dwarf-guard,6,9
Z029,33236,31692,33150,33300,31650,31800,under,8,15,fire-elemental,4,7
Z029,33236,31692,33150,33300,31650,31800,under,8,15,lich,4,4
Z029,33236,31692,33150,33300,31650,31800,under,8,15,demon,3,3
Z029,33236,31692,33150,33300,31650,31800,under,8,15,demon-skeleton,3,12
Z029,33236,31692,33150,33300,31650,31800,under,8,15,ghoul,3,8
Z029,33236,31692,33150,33300,31650,31800,under,8,15,skeleton,3,10
Z029,33236,31692,33150,33300,31650,31800,under,8,15,dragon,2,3
Z029,33236,31692,33150,33300,31650,31800,under,8,15,hunter,2,5
Z029,33236,31692,33150,33300,31650,31800,under,8,15,priestess,2,3
Z029,33236,31692,33150,33300,31650,31800,under,8,15,scorpion,2,9
Z029,33236,31692,33150,33300,31650,31800,under,8,15,cave-rat,1,3
Z029,33236,31692,33150,33300,31650,31800,under,8,15,dragon-lord,1,1
Z029,33236,31692,33150,33300,31650,31800,under,8,15,elf-arcanist,1,1
Z029,33236,31692,33150,33300,31650,31800,under,8,15,elf-scout,1,2
Z029,33236,31692,33150,33300,31650,31800,under,8,15,hero,1,2
Z029,33236,31692,33150,33300,31650,31800,under,8,15,minotaur-archer,1,2
Z029,33236,31692,33150,33300,31650,31800,under,8,15,minotaur-guard,1,2
Z029,33236,31692,33150,33300,31650,31800,under,8,15,minotaur-mage,1,1
Z029,33236,31692,33150,33300,31650,31800,under,8,15,monk,1,3
Z029,33236,31692,33150,33300,31650,31800,under,8,15,orc-berserker,1,3
Z029,33236,31692,33150,33300,31650,31800,under,8,15,orc-leader,1,1
Z029,33236,31692,33150,33300,31650,31800,under,8,15,orc-shaman,1,1
Z029,33236,31692,33150,33300,31650,31800,under,8,15,slime,1,1
Z029,33236,31692,33150,33300,31650,31800,under,8,15,stalker,1,1
Z029,33236,31692,33150,33300,31650,31800,under,8,15,warlock,1,1
Z029,33236,31692,33150,33300,31650,31800,under,8,15,wild-warrior,1,3
Z029,33236,31692,33150,33300,31650,31800,under,8,15,witch,1,2
Z030,32768,31604,32700,32850,31500,31650,under,8,15,ghoul,20,49
Z030,32768,31604,32700,32850,31500,31650,under,8,15,rotworm,20,47
Z030,32768,31604,32700,32850,31500,31650,under,8,15,skeleton,15,48
Z030,32768,31604,32700,32850,31500,31650,under,8,15,demon-skeleton,12,20
Z030,32768,31604,32700,32850,31500,31650,under,8,15,slime,7,9
Z030,32768,31604,32700,32850,31500,31650,under,8,15,beholder,6,9
Z030,32768,31604,32700,32850,31500,31650,under,8,15,dragon,6,7
Z030,32768,31604,32700,32850,31500,31650,under,8,15,poison-spider,5,21
Z030,32768,31604,32700,32850,31500,31650,under,8,15,troll,4,10
Z030,32768,31604,32700,32850,31500,31650,under,8,15,bug,1,4
Z030,32768,31604,32700,32850,31500,31650,under,8,15,elder-beholder,1,1
Z030,32768,31604,32700,32850,31500,31650,under,8,15,scorpion,1,8
Z030,32768,31604,32700,32850,31500,31650,under,8,15,snake,1,2
Z030,32768,31604,32700,32850,31500,31650,under,8,15,spider,1,3
Z031,32189,31413,32100,32250,31350,31500,ground,7,7,demon-skeleton,35,35
Z031,32189,31413,32100,32250,31350,31500,ground,7,7,ghoul,22,22
Z031,32189,31413,32100,32250,31350,31500,ground,7,7,giant-demon-skeleton,16,16
Z031,32189,31413,32100,32250,31350,31500,ground,7,7,spectre,16,16
Z031,32189,31413,32100,32250,31350,31500,ground,7,7,skull-reaper,3,3
Z031,32189,31413,32100,32250,31350,31500,ground,7,7,wight,3,3
Z031,32189,31413,32100,32250,31350,31500,ground,7,7,skeleton-mage,2,2
Z032,32137,32196,32100,32250,32100,32250,under,8,11,rat,48,62
Z032,32137,32196,32100,32250,32100,32250,under,8,11,bug,18,33
Z032,32137,32196,32100,32250,32100,32250,under,8,11,wolf,5,10
Z032,32137,32196,32100,32250,32100,32250,under,8,11,rotworm,4,8
Z032,32137,32196,32100,32250,32100,32250,under,8,11,bear,3,7
Z032,32137,32196,32100,32250,32100,32250,under,8,11,orc,3,9
Z032,32137,32196,32100,32250,32100,32250,under,8,11,skeleton,3,6
Z032,32137,32196,32100,32250,32100,32250,under,8,11,dragon,2,2
Z032,32137,32196,32100,32250,32100,32250,under,8,11,troll,2,6
Z032,32137,32196,32100,32250,32100,32250,under,8,11,cave-rat,1,1
Z032,32137,32196,32100,32250,32100,32250,under,8,11,ghoul,1,1
Z032,32137,32196,32100,32250,32100,32250,under,8,11,minotaur,1,1
Z032,32137,32196,32100,32250,32100,32250,under,8,11,poison-spider,1,1
Z032,32137,32196,32100,32250,32100,32250,under,8,11,spider,1,2
Z033,32934,31742,32850,33000,31650,31800,ground,7,7,orc-berserker,18,46
Z033,32934,31742,32850,33000,31650,31800,ground,7,7,orc-spearman,18,64
Z033,32934,31742,32850,33000,31650,31800,ground,7,7,orc-warrior,17,46
Z033,32934,31742,32850,33000,31650,31800,ground,7,7,pig,9,43
Z033,32934,31742,32850,33000,31650,31800,ground,7,7,orc-shaman,8,15
Z033,32934,31742,32850,33000,31650,31800,ground,7,7,orc,7,20
Z033,32934,31742,32850,33000,31650,31800,ground,7,7,orc-leader,4,6
Z033,32934,31742,32850,33000,31650,31800,ground,7,7,wolf,3,12
Z033,32934,31742,32850,33000,31650,31800,ground,7,7,bear,2,6
Z033,32934,31742,32850,33000,31650,31800,ground,7,7,bug,2,9
Z033,32934,31742,32850,33000,31650,31800,ground,7,7,chicken,2,3
Z033,32934,31742,32850,33000,31650,31800,ground,7,7,cyclops,1,1
Z033,32934,31742,32850,33000,31650,31800,ground,7,7,elf,1,1
Z033,32934,31742,32850,33000,31650,31800,ground,7,7,orc-rider,1,1
Z034,32459,31608,32400,32550,31500,31650,under,8,15,troll,12,34
Z034,32459,31608,32400,32550,31500,31650,under,8,15,rotworm,10,36
Z034,32459,31608,32400,32550,31500,31650,under,8,15,wolf,7,33
Z034,32459,31608,32400,32550,31500,31650,under,8,15,spider,5,23
Z034,32459,31608,32400,32550,31500,31650,under,8,15,warlock,5,9
Z034,32459,31608,32400,32550,31500,31650,under,8,15,amazon,4,8
Z034,32459,31608,32400,32550,31500,31650,under,8,15,dragon,4,8
Z034,32459,31608,32400,32550,31500,31650,under,8,15,minotaur-archer,4,10
Z034,32459,31608,32400,32550,31500,31650,under,8,15,beholder,3,3
Z034,32459,31608,32400,32550,31500,31650,under,8,15,giant-spider,3,3
Z034,32459,31608,32400,32550,31500,31650,under,8,15,orc-berserker,3,4
Z034,32459,31608,32400,32550,31500,31650,under,8,15,stone-golem,3,8
Z034,32459,31608,32400,32550,31500,31650,under,8,15,bug,2,8
Z034,32459,31608,32400,32550,31500,31650,under,8,15,minotaur-mage,2,2
Z034,32459,31608,32400,32550,31500,31650,under,8,15,monk,2,6
Z034,32459,31608,32400,32550,31500,31650,under,8,15,orc-shaman,2,5
Z034,32459,31608,32400,32550,31500,31650,under,8,15,poison-spider,2,8
Z034,32459,31608,32400,32550,31500,31650,under,8,15,slime,2,3
Z034,32459,31608,32400,32550,31500,31650,under,8,15,cyclops,1,1
Z034,32459,31608,32400,32550,31500,31650,under,8,15,demon-skeleton,1,2
Z034,32459,31608,32400,32550,31500,31650,under,8,15,dwarf,1,4
Z034,32459,31608,32400,32550,31500,31650,under,8,15,dwarf-soldier,1,3
Z034,32459,31608,32400,32550,31500,31650,under,8,15,elf-arcanist,1,5
Z034,32459,31608,32400,32550,31500,31650,under,8,15,ghoul,1,2
Z034,32459,31608,32400,32550,31500,31650,under,8,15,hunter,1,3
Z034,32459,31608,32400,32550,31500,31650,under,8,15,minotaur,1,3
Z034,32459,31608,32400,32550,31500,31650,under,8,15,minotaur-guard,1,1
Z034,32459,31608,32400,32550,31500,31650,under,8,15,mummy,1,3
Z034,32459,31608,32400,32550,31500,31650,under,8,15,orc-leader,1,1
Z034,32459,31608,32400,32550,31500,31650,under,8,15,orc-spearman,1,4
Z034,32459,31608,32400,32550,31500,31650,under,8,15,orc-warrior,1,2
Z034,32459,31608,32400,32550,31500,31650,under,8,15,scorpion,1,1
Z034,32459,31608,32400,32550,31500,31650,under,8,15,wasp,1,5
Z035,32784,32578,32700,32850,32550,32700,under,8,11,sibang,15,44
Z035,32784,32578,32700,32850,32550,32700,under,8,11,kongra,14,42
Z035,32784,32578,32700,32850,32550,32700,under,8,11,merlkin,12,21
Z035,32784,32578,32700,32850,32550,32700,under,8,11,hydra,9,20
Z035,32784,32578,32700,32850,32550,32700,under,8,11,bonebeast,8,16
Z035,32784,32578,32700,32850,32550,32700,under,8,11,serpent-spawn,6,13
Z035,32784,32578,32700,32850,32550,32700,under,8,11,swamp-troll,5,19
Z035,32784,32578,32700,32850,32550,32700,under,8,11,slime,4,9
Z035,32784,32578,32700,32850,32550,32700,under,8,11,stone-golem,4,11
Z035,32784,32578,32700,32850,32550,32700,under,8,11,beholder,3,5
Z035,32784,32578,32700,32850,32550,32700,under,8,11,gargoyle,2,8
Z035,32784,32578,32700,32850,32550,32700,under,8,11,green-djinn,2,3
Z035,32784,32578,32700,32850,32550,32700,under,8,11,poison-spider,2,6
Z035,32784,32578,32700,32850,32550,32700,under,8,11,skeleton,2,6
Z035,32784,32578,32700,32850,32550,32700,under,8,11,carniphila,1,1
Z036,33344,32644,33300,33450,32550,32700,under,12,14,mummy,17,37
Z036,33344,32644,33300,33450,32550,32700,under,12,14,crypt-shambler,15,37
Z036,33344,32644,33300,33450,32550,32700,under,12,14,ghoul,12,33
Z036,33344,32644,33300,33450,32550,32700,under,12,14,scarab,10,24
Z036,33344,32644,33300,33450,32550,32700,under,12,14,vampire,8,12
Z036,33344,32644,33300,33450,32550,32700,under,12,14,skeleton,5,15
Z036,33344,32644,33300,33450,32550,32700,under,12,14,demon-skeleton,4,5
Z036,33344,32644,33300,33450,32550,32700,under,12,14,slime,4,10
Z036,33344,32644,33300,33450,32550,32700,under,12,14,cobra,3,8
Z036,33344,32644,33300,33450,32550,32700,under,12,14,stalker,3,8
Z036,33344,32644,33300,33450,32550,32700,under,12,14,bonebeast,2,2
Z036,33344,32644,33300,33450,32550,32700,under,12,14,beholder,1,1
Z036,33344,32644,33300,33450,32550,32700,under,12,14,ghost,1,5
Z036,33344,32644,33300,33450,32550,32700,under,12,14,giant-spider,1,1
Z036,33344,32644,33300,33450,32550,32700,under,12,14,larva,1,4
Z036,33344,32644,33300,33450,32550,32700,under,12,14,necromancer,1,1
Z036,33344,32644,33300,33450,32550,32700,under,12,14,scorpion,1,1
Z037,32346,32158,32250,32400,32100,32250,under,8,15,rotworm,12,35
Z037,32346,32158,32250,32400,32100,32250,under,8,15,orc-spearman,9,24
Z037,32346,32158,32250,32400,32100,32250,under,8,15,troll,9,34
Z037,32346,32158,32250,32400,32100,32250,under,8,15,orc-warrior,8,15
Z037,32346,32158,32250,32400,32100,32250,under,8,15,rat,8,27
Z037,32346,32158,32250,32400,32100,32250,under,8,15,poison-spider,7,22
Z037,32346,32158,32250,32400,32100,32250,under,8,15,spider,6,27
Z037,32346,32158,32250,32400,32100,32250,under,8,15,orc,5,24
Z037,32346,32158,32250,32400,32100,32250,under,8,15,cave-rat,4,15
Z037,32346,32158,32250,32400,32100,32250,under,8,15,dragon,4,4
Z037,32346,32158,32250,32400,32100,32250,under,8,15,cyclops,3,8
Z037,32346,32158,32250,32400,32100,32250,under,8,15,beholder,2,2
Z037,32346,32158,32250,32400,32100,32250,under,8,15,bug,2,6
Z037,32346,32158,32250,32400,32100,32250,under,8,15,minotaur,2,8
Z037,32346,32158,32250,32400,32100,32250,under,8,15,ghoul,1,3
Z037,32346,32158,32250,32400,32100,32250,under,8,15,minotaur-archer,1,1
Z037,32346,32158,32250,32400,32100,32250,under,8,15,minotaur-guard,1,1
Z037,32346,32158,32250,32400,32100,32250,under,8,15,scorpion,1,1
Z037,32346,32158,32250,32400,32100,32250,under,8,15,skeleton,1,2
Z037,32346,32158,32250,32400,32100,32250,under,8,15,snake,1,2
Z038,32639,32631,32550,32700,32550,32700,ground,7,7,elder-wyrm,18,18
Z038,32639,32631,32550,32700,32550,32700,ground,7,7,crocodile,15,29
Z038,32639,32631,32550,32700,32550,32700,ground,7,7,swamp-troll,13,41
Z038,32639,32631,32550,32700,32550,32700,ground,7,7,slime,8,22
Z038,32639,32631,32550,32700,32550,32700,ground,7,7,cave-rat,7,18
Z038,32639,32631,32550,32700,32550,32700,ground,7,7,centipede,7,13
Z038,32639,32631,32550,32700,32550,32700,ground,7,7,cobra,5,5
Z038,32639,32631,32550,32700,32550,32700,ground,7,7,snake,4,13
Z038,32639,32631,32550,32700,32550,32700,ground,7,7,blue-butterfly,3,10
Z038,32639,32631,32550,32700,32550,32700,ground,7,7,terror-bird,3,6
Z038,32639,32631,32550,32700,32550,32700,ground,7,7,crab,1,2
Z038,32639,32631,32550,32700,32550,32700,ground,7,7,red-butterfly,1,2
Z038,32639,32631,32550,32700,32550,32700,ground,7,7,yellow-butterfly,1,3
Z039,32450,32170,32400,32550,32100,32250,under,8,15,minotaur,15,53
Z039,32450,32170,32400,32550,32100,32250,under,8,15,minotaur-guard,11,24
Z039,32450,32170,32400,32550,32100,32250,under,8,15,minotaur-archer,7,11
Z039,32450,32170,32400,32550,32100,32250,under,8,15,skeleton,6,17
Z039,32450,32170,32400,32550,32100,32250,under,8,15,beholder,5,9
Z039,32450,32170,32400,32550,32100,32250,under,8,15,dragon,4,5
Z039,32450,32170,32400,32550,32100,32250,under,8,15,ghoul,4,8
Z039,32450,32170,32400,32550,32100,32250,under,8,15,minotaur-mage,4,6
Z039,32450,32170,32400,32550,32100,32250,under,8,15,rotworm,4,10
Z039,32450,32170,32400,32550,32100,32250,under,8,15,poison-spider,3,9
Z039,32450,32170,32400,32550,32100,32250,under,8,15,rat,3,7
Z039,32450,32170,32400,32550,32100,32250,under,8,15,cyclops,2,3
Z039,32450,32170,32400,32550,32100,32250,under,8,15,dog,2,2
Z039,32450,32170,32400,32550,32100,32250,under,8,15,slime,2,3
Z039,32450,32170,32400,32550,32100,32250,under,8,15,spider,2,6
Z039,32450,32170,32400,32550,32100,32250,under,8,15,troll,2,5
Z039,32450,32170,32400,32550,32100,32250,under,8,15,deer,1,1
Z039,32450,32170,32400,32550,32100,32250,under,8,15,fire-devil,1,1
Z039,32450,32170,32400,32550,32100,32250,under,8,15,giant-spider,1,1
Z039,32450,32170,32400,32550,32100,32250,under,8,15,orc,1,3
Z039,32450,32170,32400,32550,32100,32250,under,8,15,orc-warrior,1,2
Z039,32450,32170,32400,32550,32100,32250,under,8,15,scorpion,1,2
Z040,32607,32168,32550,32700,32100,32250,under,8,15,fire-devil,10,18
Z040,32607,32168,32550,32700,32100,32250,under,8,15,ghoul,5,14
Z040,32607,32168,32550,32700,32100,32250,under,8,15,minotaur-archer,5,8
Z040,32607,32168,32550,32700,32100,32250,under,8,15,orc-berserker,5,9
Z040,32607,32168,32550,32700,32100,32250,under,8,15,wild-warrior,5,7
Z040,32607,32168,32550,32700,32100,32250,under,8,15,cyclops,4,9
Z040,32607,32168,32550,32700,32100,32250,under,8,15,demon-skeleton,4,10
Z040,32607,32168,32550,32700,32100,32250,under,8,15,minotaur,4,13
Z040,32607,32168,32550,32700,32100,32250,under,8,15,rat,4,19
Z040,32607,32168,32550,32700,32100,32250,under,8,15,scorpion,4,10
Z040,32607,32168,32550,32700,32100,32250,under,8,15,beholder,3,4
Z040,32607,32168,32550,32700,32100,32250,under,8,15,orc-spearman,3,4
Z040,32607,32168,32550,32700,32100,32250,under,8,15,poison-spider,3,14
Z040,32607,32168,32550,32700,32100,32250,under,8,15,rotworm,3,12
Z040,32607,32168,32550,32700,32100,32250,under,8,15,skeleton,3,6
Z040,32607,32168,32550,32700,32100,32250,under,8,15,minotaur-guard,2,4
Z040,32607,32168,32550,32700,32100,32250,under,8,15,orc-warrior,2,6
Z040,32607,32168,32550,32700,32100,32250,under,8,15,slime,2,4
Z040,32607,32168,32550,32700,32100,32250,under,8,15,banshee,1,1
Z040,32607,32168,32550,32700,32100,32250,under,8,15,bear,1,2
Z040,32607,32168,32550,32700,32100,32250,under,8,15,dragon,1,1
Z040,32607,32168,32550,32700,32100,32250,under,8,15,giant-spider,1,1
Z040,32607,32168,32550,32700,32100,32250,under,8,15,hellforged-devil,1,1
Z040,32607,32168,32550,32700,32100,32250,under,8,15,minotaur-mage,1,2
Z040,32607,32168,32550,32700,32100,32250,under,8,15,orc,1,5
Z040,32607,32168,32550,32700,32100,32250,under,8,15,orc-shaman,1,1
Z040,32607,32168,32550,32700,32100,32250,under,8,15,spider,1,2
Z040,32607,32168,32550,32700,32100,32250,under,8,15,troll,1,6
Z041,32637,32348,32550,32700,32250,32400,under,8,12,slime,12,24
Z041,32637,32348,32550,32700,32250,32400,under,8,12,bandit,11,34
Z041,32637,32348,32550,32700,32250,32400,under,8,12,wild-warrior,7,20
Z041,32637,32348,32550,32700,32250,32400,under,8,12,smuggler,5,12
Z041,32637,32348,32550,32700,32250,32400,under,8,12,witch,5,8
Z041,32637,32348,32550,32700,32250,32400,under,8,12,dark-monk,4,10
Z041,32637,32348,32550,32700,32250,32400,under,8,12,ghost,4,9
Z041,32637,32348,32550,32700,32250,32400,under,8,12,poison-spider,4,15
Z041,32637,32348,32550,32700,32250,32400,under,8,12,assassin,3,10
Z041,32637,32348,32550,32700,32250,32400,under,8,12,banshee,3,3
Z041,32637,32348,32550,32700,32250,32400,under,8,12,rotworm,3,8
Z041,32637,32348,32550,32700,32250,32400,under,8,12,scorpion,3,4
Z041,32637,32348,32550,32700,32250,32400,under,8,12,centipede,2,6
Z041,32637,32348,32550,32700,32250,32400,under,8,12,demon-skeleton,2,5
Z041,32637,32348,32550,32700,32250,32400,under,8,12,monk,2,6
Z041,32637,32348,32550,32700,32250,32400,under,8,12,spider,2,5
Z041,32637,32348,32550,32700,32250,32400,under,8,12,bat,1,7
Z041,32637,32348,32550,32700,32250,32400,under,8,12,beholder,1,1
Z041,32637,32348,32550,32700,32250,32400,under,8,12,bug,1,5
Z041,32637,32348,32550,32700,32250,32400,under,8,12,cave-rat,1,1
Z041,32637,32348,32550,32700,32250,32400,under,8,12,ghoul,1,1
Z041,32637,32348,32550,32700,32250,32400,under,8,12,giant-spider,1,2
Z041,32637,32348,32550,32700,32250,32400,under,8,12,wasp,1,4
Z042,33101,31710,33000,33150,31650,31800,under,8,15,troll,31,118
Z042,33101,31710,33000,33150,31650,31800,under,8,15,fire-elemental,9,21
Z042,33101,31710,33000,33150,31650,31800,under,8,15,demon,6,6
Z042,33101,31710,33000,33150,31650,31800,under,8,15,demon-skeleton,5,9
Z042,33101,31710,33000,33150,31650,31800,under,8,15,dragon,5,11
Z042,33101,31710,33000,33150,31650,31800,under,8,15,priestess,5,5
Z042,33101,31710,33000,33150,31650,31800,under,8,15,hero,4,7
Z042,33101,31710,33000,33150,31650,31800,under,8,15,bear,2,8
Z042,33101,31710,33000,33150,31650,31800,under,8,15,dragon-lord,2,2
Z042,33101,31710,33000,33150,31650,31800,under,8,15,monk,2,5
Z042,33101,31710,33000,33150,31650,31800,under,8,15,frost-troll,1,1
Z042,33101,31710,33000,33150,31650,31800,under,8,15,lich,1,2
Z042,33101,31710,33000,33150,31650,31800,under,8,15,orc-shaman,1,1
Z042,33101,31710,33000,33150,31650,31800,under,8,15,rat,1,4
Z042,33101,31710,33000,33150,31650,31800,under,8,15,stalker,1,3
Z042,33101,31710,33000,33150,31650,31800,under,8,15,swamp-troll,1,2
Z042,33101,31710,33000,33150,31650,31800,under,8,15,wild-warrior,1,2
Z043,33056,32626,33000,33150,32550,32700,surface,0,6,dragon,9,19
Z043,33056,32626,33000,33150,32550,32700,surface,0,6,hydra,9,11
Z043,33056,32626,33000,33150,32550,32700,surface,0,6,scorpion,7,11
Z043,33056,32626,33000,33150,32550,32700,surface,0,6,dragon-lord,6,9
Z043,33056,32626,33000,33150,32550,32700,surface,0,6,gargoyle,6,15
Z043,33056,32626,33000,33150,32550,32700,surface,0,6,hyaena,6,17
Z043,33056,32626,33000,33150,32550,32700,surface,0,6,efreet,5,10
Z043,33056,32626,33000,33150,32550,32700,surface,0,6,green-djinn,4,8
Z043,33056,32626,33000,33150,32550,32700,surface,0,6,lion,4,10
Z043,33056,32626,33000,33150,32550,32700,surface,0,6,spit-nettle,3,3
Z043,33056,32626,33000,33150,32550,32700,surface,0,6,stalker,3,6
Z043,33056,32626,33000,33150,32550,32700,surface,0,6,stone-golem,3,6
Z043,33056,32626,33000,33150,32550,32700,surface,0,6,cobra,2,9
Z043,33056,32626,33000,33150,32550,32700,surface,0,6,larva,2,5
Z043,33056,32626,33000,33150,32550,32700,surface,0,6,carniphila,1,1
Z043,33056,32626,33000,33150,32550,32700,surface,0,6,fire-elemental,1,7
Z043,33056,32626,33000,33150,32550,32700,surface,0,6,giant-cobra,1,1
Z043,33056,32626,33000,33150,32550,32700,surface,0,6,giant-spider,1,1
Z043,33056,32626,33000,33150,32550,32700,surface,0,6,poison-spider,1,2
Z043,33056,32626,33000,33150,32550,32700,surface,0,6,scarab,1,1
Z043,33056,32626,33000,33150,32550,32700,surface,0,6,snake,1,1
Z043,33056,32626,33000,33150,32550,32700,surface,0,6,tiger,1,1
Z044,32475,31446,32400,32550,31350,31500,surface,1,6,forsaken-knight,30,30
Z044,32475,31446,32400,32550,31350,31500,surface,1,6,hero,18,18
Z044,32475,31446,32400,32550,31350,31500,surface,1,6,cold-ambusher,11,11
Z044,32475,31446,32400,32550,31350,31500,surface,1,6,wild-warrior,6,14
Z044,32475,31446,32400,32550,31350,31500,surface,1,6,winter-wolf,5,8
Z044,32475,31446,32400,32550,31350,31500,surface,1,6,monk,3,6
Z044,32475,31446,32400,32550,31350,31500,surface,1,6,rabbit,2,3
Z044,32475,31446,32400,32550,31350,31500,surface,1,6,dog,1,1
Z045,32764,33067,32700,32850,33000,33150,under,8,9,souleater,36,36
Z045,32764,33067,32700,32850,33000,33150,under,8,9,serpent-spawn,15,15
Z045,32764,33067,32700,32850,33000,33150,under,8,9,giant-spider,10,10
Z045,32764,33067,32700,32850,33000,33150,under,8,9,hydra,9,9
Z045,32764,33067,32700,32850,33000,33150,under,8,9,medusa,5,5
Z046,32883,32315,32850,33000,32250,32400,under,8,15,demon-skeleton,24,60
Z046,32883,32315,32850,33000,32250,32400,under,8,15,ghoul,20,53
Z046,32883,32315,32850,33000,32250,32400,under,8,15,dragon-lord,11,17
Z046,32883,32315,32850,33000,32250,32400,under,8,15,fire-devil,5,23
Z046,32883,32315,32850,33000,32250,32400,under,8,15,giant-spider,5,11
Z046,32883,32315,32850,33000,32250,32400,under,8,15,rotworm,2,4
Z046,32883,32315,32850,33000,32250,32400,under,8,15,scorpion,2,7
Z046,32883,32315,32850,33000,32250,32400,under,8,15,skeleton,2,7
Z046,32883,32315,32850,33000,32250,32400,under,8,15,vampire,2,8
Z046,32883,32315,32850,33000,32250,32400,under,8,15,necromancer,1,4
Z047,32471,31698,32400,32550,31650,31800,under,8,15,troll,16,48
Z047,32471,31698,32400,32550,31650,31800,under,8,15,wolf,9,35
Z047,32471,31698,32400,32550,31650,31800,under,8,15,poison-spider,4,15
Z047,32471,31698,32400,32550,31650,31800,under,8,15,rat,4,11
Z047,32471,31698,32400,32550,31650,31800,under,8,15,warlock,4,6
Z047,32471,31698,32400,32550,31650,31800,under,8,15,elf-arcanist,3,5
Z047,32471,31698,32400,32550,31650,31800,under,8,15,stone-golem,3,7
Z047,32471,31698,32400,32550,31650,31800,under,8,15,cyclops,2,5
Z047,32471,31698,32400,32550,31650,31800,under,8,15,dragon,2,3
Z047,32471,31698,32400,32550,31650,31800,under,8,15,dwarf-guard,2,6
Z047,32471,31698,32400,32550,31650,31800,under,8,15,minotaur-archer,2,4
Z047,32471,31698,32400,32550,31650,31800,under,8,15,minotaur-guard,2,3
Z047,32471,31698,32400,32550,31650,31800,under,8,15,minotaur-mage,2,4
Z047,32471,31698,32400,32550,31650,31800,under,8,15,orc-berserker,2,4
Z047,32471,31698,32400,32550,31650,31800,under,8,15,snake,2,11
Z047,32471,31698,32400,32550,31650,31800,under,8,15,bear,1,2
Z047,32471,31698,32400,32550,31650,31800,under,8,15,dragon-lord,1,1
Z047,32471,31698,32400,32550,31650,31800,under,8,15,elf-scout,1,2
Z047,32471,31698,32400,32550,31650,31800,under,8,15,ghoul,1,4
Z047,32471,31698,32400,32550,31650,31800,under,8,15,goblin,1,8
Z047,32471,31698,32400,32550,31650,31800,under,8,15,hunter,1,2
Z047,32471,31698,32400,32550,31650,31800,under,8,15,orc-shaman,1,1
Z047,32471,31698,32400,32550,31650,31800,under,8,15,orc-spearman,1,2
Z047,32471,31698,32400,32550,31650,31800,under,8,15,orc-warrior,1,3
Z047,32471,31698,32400,32550,31650,31800,under,8,15,rotworm,1,3
Z047,32471,31698,32400,32550,31650,31800,under,8,15,scorpion,1,2
Z047,32471,31698,32400,32550,31650,31800,under,8,15,skeleton,1,3
Z047,32471,31698,32400,32550,31650,31800,under,8,15,spider,1,3
Z047,32471,31698,32400,32550,31650,31800,under,8,15,wild-warrior,1,4
Z048,33216,31599,33150,33300,31500,31650,under,8,15,fire-elemental,16,31
Z048,33216,31599,33150,33300,31500,31650,under,8,15,demon,9,15
Z048,33216,31599,33150,33300,31500,31650,under,8,15,fire-devil,7,12
Z048,33216,31599,33150,33300,31500,31650,under,8,15,demon-skeleton,5,16
Z048,33216,31599,33150,33300,31500,31650,under,8,15,priestess,5,9
Z048,33216,31599,33150,33300,31500,31650,under,8,15,monk,4,9
Z048,33216,31599,33150,33300,31500,31650,under,8,15,cyclops,3,11
Z048,33216,31599,33150,33300,31500,31650,under,8,15,wild-warrior,3,11
Z048,33216,31599,33150,33300,31500,31650,under,8,15,giant-spider,2,5
Z048,33216,31599,33150,33300,31500,31650,under,8,15,necromancer,2,4
Z048,33216,31599,33150,33300,31500,31650,under,8,15,stone-golem,2,5
Z048,33216,31599,33150,33300,31500,31650,under,8,15,beholder,1,1
Z048,33216,31599,33150,33300,31500,31650,under,8,15,bonebeast,1,1
Z048,33216,31599,33150,33300,31500,31650,under,8,15,dragon,1,3
Z048,33216,31599,33150,33300,31500,31650,under,8,15,elf-arcanist,1,1
Z048,33216,31599,33150,33300,31500,31650,under,8,15,hero,1,3
Z048,33216,31599,33150,33300,31500,31650,under,8,15,minotaur-guard,1,4
Z048,33216,31599,33150,33300,31500,31650,under,8,15,minotaur-mage,1,1
Z048,33216,31599,33150,33300,31500,31650,under,8,15,orc-shaman,1,1
Z048,33216,31599,33150,33300,31500,31650,under,8,15,poison-spider,1,4
Z048,33216,31599,33150,33300,31500,31650,under,8,15,scorpion,1,2
Z048,33216,31599,33150,33300,31500,31650,under,8,15,skeleton,1,4
Z048,33216,31599,33150,33300,31500,31650,under,8,15,slime,1,1
Z048,33216,31599,33150,33300,31500,31650,under,8,15,stalker,1,2
Z049,32018,32184,31950,32100,32100,32250,ground,7,7,snake,19,47
Z049,32018,32184,31950,32100,32100,32250,ground,7,7,wolf,15,36
Z049,32018,32184,31950,32100,32100,32250,ground,7,7,deer,10,38
Z049,32018,32184,31950,32100,32100,32250,ground,7,7,rabbit,8,18
Z049,32018,32184,31950,32100,32100,32250,ground,7,7,spider,5,10
Z049,32018,32184,31950,32100,32100,32250,ground,7,7,orc,3,4
Z049,32018,32184,31950,32100,32100,32250,ground,7,7,orc-spearman,2,2
Z049,32018,32184,31950,32100,32100,32250,ground,7,7,troll,2,2
Z049,32018,32184,31950,32100,32100,32250,ground,7,7,bear,1,2
Z049,32018,32184,31950,32100,32100,32250,ground,7,7,sheep,1,5
Z049,32018,32184,31950,32100,32100,32250,ground,7,7,wasp,1,1
Z050,32470,31256,32400,32550,31200,31350,ground,7,7,crypt-shambler,13,24
Z050,32470,31256,32400,32550,31200,31350,ground,7,7,giant-skeleton,10,13
Z050,32470,31256,32400,32550,31200,31350,ground,7,7,winter-wolf,9,16
Z050,32470,31256,32400,32550,31200,31350,ground,7,7,demon-skeleton,8,12
Z050,32470,31256,32400,32550,31200,31350,ground,7,7,rabbit,7,15
Z050,32470,31256,32400,32550,31200,31350,ground,7,7,polar-bear,6,7
Z050,32470,31256,32400,32550,31200,31350,ground,7,7,vampire,5,5
Z050,32470,31256,32400,32550,31200,31350,ground,7,7,bat,3,6
Z050,32470,31256,32400,32550,31200,31350,ground,7,7,badger,2,3
Z050,32470,31256,32400,32550,31200,31350,ground,7,7,bug,2,4
Z050,32470,31256,32400,32550,31200,31350,ground,7,7,lich,2,2
Z051,33075,32143,33000,33150,32100,32250,under,8,14,rotworm,21,39
Z051,33075,32143,33000,33150,32100,32250,under,8,14,dragon-lord,16,27
Z051,33075,32143,33000,33150,32100,32250,under,8,14,elf,10,24
Z051,33075,32143,33000,33150,32100,32250,under,8,14,elf-scout,8,17
Z051,33075,32143,33000,33150,32100,32250,under,8,14,elf-arcanist,4,8
Z051,33075,32143,33000,33150,32100,32250,under,8,14,slime,4,5
Z051,33075,32143,33000,33150,32100,32250,under,8,14,cyclops,1,3
Z051,33075,32143,33000,33150,32100,32250,under,8,14,demon-skeleton,1,1
Z051,33075,32143,33000,33150,32100,32250,under,8,14,dragon,1,1
Z051,33075,32143,33000,33150,32100,32250,under,8,14,ghoul,1,2
Z052,32289,31886,32250,32400,31800,31950,under,8,15,ghost,10,24
Z052,32289,31886,32250,32400,31800,31950,under,8,15,demon-skeleton,9,26
Z052,32289,31886,32250,32400,31800,31950,under,8,15,poison-spider,7,22
Z052,32289,31886,32250,32400,31800,31950,under,8,15,bug,6,13
Z052,32289,31886,32250,32400,31800,31950,under,8,15,scorpion,5,16
Z052,32289,31886,32250,32400,31800,31950,under,8,15,cave-rat,4,12
Z052,32289,31886,32250,32400,31800,31950,under,8,15,ghoul,4,13
Z052,32289,31886,32250,32400,31800,31950,under,8,15,stalker,4,12
Z052,32289,31886,32250,32400,31800,31950,under,8,15,banshee,3,6
Z052,32289,31886,32250,32400,31800,31950,under,8,15,skeleton,3,8
Z052,32289,31886,32250,32400,31800,31950,under,8,15,mummy,2,3
Z052,32289,31886,32250,32400,31800,31950,under,8,15,rotworm,2,2
Z052,32289,31886,32250,32400,31800,31950,under,8,15,spider,2,7
Z052,32289,31886,32250,32400,31800,31950,under,8,15,fire-devil,1,3
Z052,32289,31886,32250,32400,31800,31950,under,8,15,giant-spider,1,1
Z052,32289,31886,32250,32400,31800,31950,under,8,15,slime,1,1
Z052,32289,31886,32250,32400,31800,31950,under,8,15,troll,1,4
Z052,32289,31886,32250,32400,31800,31950,under,8,15,wild-warrior,1,1
Z053,32777,32312,32700,32850,32250,32400,ground,7,7,ghoul,11,30
Z053,32777,32312,32700,32850,32250,32400,ground,7,7,skeleton,11,36
Z053,32777,32312,32700,32850,32250,32400,ground,7,7,wolf,6,21
Z053,32777,32312,32700,32850,32250,32400,ground,7,7,giant-spider,5,12
Z053,32777,32312,32700,32850,32250,32400,ground,7,7,poison-spider,4,15
Z053,32777,32312,32700,32850,32250,32400,ground,7,7,cyclops,3,9
Z053,32777,32312,32700,32850,32250,32400,ground,7,7,deer,3,8
Z053,32777,32312,32700,32850,32250,32400,ground,7,7,demon-skeleton,3,6
Z053,32777,32312,32700,32850,32250,32400,ground,7,7,scorpion,2,5
Z053,32777,32312,32700,32850,32250,32400,ground,7,7,snake,2,6
Z053,32777,32312,32700,32850,32250,32400,ground,7,7,bear,1,2
Z053,32777,32312,32700,32850,32250,32400,ground,7,7,dragon,1,3
Z053,32777,32312,32700,32850,32250,32400,ground,7,7,elf-scout,1,2
Z053,32777,32312,32700,32850,32250,32400,ground,7,7,hunter,1,2
Z053,32777,32312,32700,32850,32250,32400,ground,7,7,minotaur,1,5
Z053,32777,32312,32700,32850,32250,32400,ground,7,7,minotaur-archer,1,3
Z053,32777,32312,32700,32850,32250,32400,ground,7,7,orc-berserker,1,4
Z053,32777,32312,32700,32850,32250,32400,ground,7,7,orc-leader,1,2
Z053,32777,32312,32700,32850,32250,32400,ground,7,7,orc-shaman,1,2
Z053,32777,32312,32700,32850,32250,32400,ground,7,7,orc-spearman,1,5
Z053,32777,32312,32700,32850,32250,32400,ground,7,7,rabbit,1,3
Z053,32777,32312,32700,32850,32250,32400,ground,7,7,slime,1,1
Z053,32777,32312,32700,32850,32250,32400,ground,7,7,vampire,1,1
Z053,32777,32312,32700,32850,32250,32400,ground,7,7,wasp,1,7
Z053,32777,32312,32700,32850,32250,32400,ground,7,7,witch,1,1
Z054,32940,31749,32850,33000,31650,31800,surface,2,6,orc-berserker,11,25
Z054,32940,31749,32850,33000,31650,31800,surface,2,6,orc-leader,10,20
Z054,32940,31749,32850,33000,31650,31800,surface,2,6,orc-shaman,9,18
Z054,32940,31749,32850,33000,31650,31800,surface,2,6,orc-warrior,9,17
Z054,32940,31749,32850,33000,31650,31800,surface,2,6,orc-spearman,8,24
Z054,32940,31749,32850,33000,31650,31800,surface,2,6,orc-rider,6,11
Z054,32940,31749,32850,33000,31650,31800,surface,2,6,war-wolf,6,15
Z054,32940,31749,32850,33000,31650,31800,surface,2,6,orc,3,4
Z054,32940,31749,32850,33000,31650,31800,surface,2,6,orc-warlord,3,4
Z055,32028,31597,31950,32100,31500,31650,under,8,10,rotworm,15,31
Z055,32028,31597,31950,32100,31500,31650,under,8,10,frost-troll,10,26
Z055,32028,31597,31950,32100,31500,31650,under,8,10,minotaur,9,27
Z055,32028,31597,31950,32100,31500,31650,under,8,10,orc,5,10
Z055,32028,31597,31950,32100,31500,31650,under,8,10,spider,5,19
Z055,32028,31597,31950,32100,31500,31650,under,8,10,bug,4,9
Z055,32028,31597,31950,32100,31500,31650,under,8,10,poison-spider,3,10
Z055,32028,31597,31950,32100,31500,31650,under,8,10,orc-spearman,2,3
Z055,32028,31597,31950,32100,31500,31650,under,8,10,orc-warrior,2,2
Z055,32028,31597,31950,32100,31500,31650,under,8,10,slime,2,2
Z055,32028,31597,31950,32100,31500,31650,under,8,10,beholder,1,1
Z055,32028,31597,31950,32100,31500,31650,under,8,10,minotaur-archer,1,1
Z055,32028,31597,31950,32100,31500,31650,under,8,10,rat,1,2
Z055,32028,31597,31950,32100,31500,31650,under,8,10,snake,1,1
Z055,32028,31597,31950,32100,31500,31650,under,8,10,troll,1,6
Z055,32028,31597,31950,32100,31500,31650,under,8,10,winter-wolf,1,3
Z056,32335,32012,32250,32400,31950,32100,ground,7,7,orc-berserker,15,26
Z056,32335,32012,32250,32400,31950,32100,ground,7,7,orc-warrior,13,27
Z056,32335,32012,32250,32400,31950,32100,ground,7,7,orc-shaman,6,10
Z056,32335,32012,32250,32400,31950,32100,ground,7,7,bear,5,14
Z056,32335,32012,32250,32400,31950,32100,ground,7,7,orc-leader,3,3
Z056,32335,32012,32250,32400,31950,32100,ground,7,7,orc-rider,3,8
Z056,32335,32012,32250,32400,31950,32100,ground,7,7,orc-spearman,3,6
Z056,32335,32012,32250,32400,31950,32100,ground,7,7,snake,3,14
Z056,32335,32012,32250,32400,31950,32100,ground,7,7,deer,2,13
Z056,32335,32012,32250,32400,31950,32100,ground,7,7,war-wolf,2,6
Z056,32335,32012,32250,32400,31950,32100,ground,7,7,wolf,2,7
Z056,32335,32012,32250,32400,31950,32100,ground,7,7,chicken,1,2
Z056,32335,32012,32250,32400,31950,32100,ground,7,7,pig,1,2
Z056,32335,32012,32250,32400,31950,32100,ground,7,7,rat,1,1
Z056,32335,32012,32250,32400,31950,32100,ground,7,7,scorpion,1,3
Z056,32335,32012,32250,32400,31950,32100,ground,7,7,sheep,1,3
Z056,32335,32012,32250,32400,31950,32100,ground,7,7,spider,1,2
Z057,32602,31422,32550,32700,31350,31500,under,8,11,ice-goblin,32,32
Z057,32602,31422,32550,32700,31350,31500,under,8,11,sea-tyrant,26,26
Z057,32602,31422,32550,32700,31350,31500,under,8,11,polar-bear,4,4
Z058,32640,31613,32550,32700,31500,31650,under,8,15,troll,29,79
Z058,32640,31613,32550,32700,31500,31650,under,8,15,elf,4,14
Z058,32640,31613,32550,32700,31500,31650,under,8,15,ice-goblin,4,4
Z058,32640,31613,32550,32700,31500,31650,under,8,15,minotaur,4,9
Z058,32640,31613,32550,32700,31500,31650,under,8,15,bug,3,9
Z058,32640,31613,32550,32700,31500,31650,under,8,15,elf-scout,3,5
Z058,32640,31613,32550,32700,31500,31650,under,8,15,orc-warrior,3,8
Z058,32640,31613,32550,32700,31500,31650,under,8,15,orc-spearman,2,3
Z058,32640,31613,32550,32700,31500,31650,under,8,15,demon-skeleton,1,4
Z058,32640,31613,32550,32700,31500,31650,under,8,15,dwarf,1,1
Z058,32640,31613,32550,32700,31500,31650,under,8,15,elf-arcanist,1,1
Z058,32640,31613,32550,32700,31500,31650,under,8,15,ghoul,1,4
Z058,32640,31613,32550,32700,31500,31650,under,8,15,giant-spider,1,1
Z058,32640,31613,32550,32700,31500,31650,under,8,15,minotaur-guard,1,1
Z058,32640,31613,32550,32700,31500,31650,under,8,15,orc,1,2
Z058,32640,31613,32550,32700,31500,31650,under,8,15,rat,1,5
Z058,32640,31613,32550,32700,31500,31650,under,8,15,rotworm,1,2
Z058,32640,31613,32550,32700,31500,31650,under,8,15,skeleton,1,2
Z059,33100,31854,33000,33150,31800,31950,under,8,11,goblin,39,126
Z059,33100,31854,33000,33150,31800,31950,under,8,11,bug,5,18
Z059,33100,31854,33000,33150,31800,31950,under,8,11,orc-spearman,4,14
Z059,33100,31854,33000,33150,31800,31950,under,8,11,orc-warrior,4,12
Z059,33100,31854,33000,33150,31800,31950,under,8,11,poison-spider,3,13
Z059,33100,31854,33000,33150,31800,31950,under,8,11,orc-shaman,2,2
Z059,33100,31854,33000,33150,31800,31950,under,8,11,rat,2,3
Z059,33100,31854,33000,33150,31800,31950,under,8,11,orc,1,3
Z059,33100,31854,33000,33150,31800,31950,under,8,11,orc-berserker,1,1
Z059,33100,31854,33000,33150,31800,31950,under,8,11,wasp,1,2
Z060,32474,31286,32400,32550,31200,31350,surface,2,6,crystal-wolf,30,30
Z060,32474,31286,32400,32550,31200,31350,surface,2,6,cold-ambusher,16,16
Z060,32474,31286,32400,32550,31200,31350,surface,2,6,winter-wolf,6,14
Z060,32474,31286,32400,32550,31200,31350,surface,2,6,badger,2,2
Z060,32474,31286,32400,32550,31200,31350,surface,2,6,rabbit,2,3
Z060,32474,31286,32400,32550,31200,31350,surface,2,6,dog,1,1
Z060,32474,31286,32400,32550,31200,31350,surface,2,6,polar-bear,1,1
Z061,32771,31673,32700,32850,31650,31800,under,8,14,ghoul,15,40
Z061,32771,31673,32700,32850,31650,31800,under,8,14,demon-skeleton,12,29
Z061,32771,31673,32700,32850,31650,31800,under,8,14,beholder,10,16
Z061,32771,31673,32700,32850,31650,31800,under,8,14,dragon,5,5
Z061,32771,31673,32700,32850,31650,31800,under,8,14,dragon-lord,4,4
Z061,32771,31673,32700,32850,31650,31800,under,8,14,elder-beholder,3,4
Z061,32771,31673,32700,32850,31650,31800,under,8,14,slime,3,5
Z061,32771,31673,32700,32850,31650,31800,under,8,14,poison-spider,2,10
Z061,32771,31673,32700,32850,31650,31800,under,8,14,rotworm,1,2
Z061,32771,31673,32700,32850,31650,31800,under,8,14,scorpion,1,2
Z061,32771,31673,32700,32850,31650,31800,under,8,14,skeleton,1,3
Z061,32771,31673,32700,32850,31650,31800,under,8,14,troll,1,4
Z062,33082,32495,33000,33150,32400,32550,surface,1,6,scorpion,14,42
Z062,33082,32495,33000,33150,32400,32550,surface,1,6,blue-djinn,8,17
Z062,33082,32495,33000,33150,32400,32550,surface,1,6,stone-golem,6,16
Z062,33082,32495,33000,33150,32400,32550,surface,1,6,marid,5,10
Z062,33082,32495,33000,33150,32400,32550,surface,1,6,wasp,4,11
Z062,33082,32495,33000,33150,32400,32550,surface,1,6,hyaena,3,10
Z062,33082,32495,33000,33150,32400,32550,surface,1,6,scarab,3,9
Z062,33082,32495,33000,33150,32400,32550,surface,1,6,skeleton,3,4
Z062,33082,32495,33000,33150,32400,32550,surface,1,6,fire-elemental,2,4
Z062,33082,32495,33000,33150,32400,32550,surface,1,6,giant-cobra,2,2
Z062,33082,32495,33000,33150,32400,32550,surface,1,6,snake,2,6
Z062,33082,32495,33000,33150,32400,32550,surface,1,6,demon-skeleton,1,2
Z062,33082,32495,33000,33150,32400,32550,surface,1,6,larva,1,3
Z062,33082,32495,33000,33150,32400,32550,surface,1,6,lion,1,1
Z063,33058,32052,33000,33150,31950,32100,under,8,14,rotworm,28,55
Z063,33058,32052,33000,33150,31950,32100,under,8,14,snake,9,26
Z063,33058,32052,33000,33150,31950,32100,under,8,14,orc-spearman,8,14
Z063,33058,32052,33000,33150,31950,32100,under,8,14,orc,5,15
Z063,33058,32052,33000,33150,31950,32100,under,8,14,dragon-lord,2,2
Z063,33058,32052,33000,33150,31950,32100,under,8,14,beholder,1,1
Z063,33058,32052,33000,33150,31950,32100,under,8,14,orc-shaman,1,1
Z064,32036,32167,31950,32100,32100,32250,surface,3,6,wolf,13,30
Z064,32036,32167,31950,32100,32100,32250,surface,3,6,spider,10,21
Z064,32036,32167,31950,32100,32100,32250,surface,3,6,troll,10,17
Z064,32036,32167,31950,32100,32100,32250,surface,3,6,orc,5,7
Z064,32036,32167,31950,32100,32100,32250,surface,3,6,snake,5,13
Z064,32036,32167,31950,32100,32100,32250,surface,3,6,wasp,5,13
Z064,32036,32167,31950,32100,32100,32250,surface,3,6,bear,1,1
Z064,32036,32167,31950,32100,32100,32250,surface,3,6,orc-spearman,1,1
Z064,32036,32167,31950,32100,32100,32250,surface,3,6,poison-spider,1,1
Z064,32036,32167,31950,32100,32100,32250,surface,3,6,sheep,1,4
Z065,32766,32903,32700,32850,32850,33000,ground,7,7,centipede,8,25
Z065,32766,32903,32700,32850,32850,33000,ground,7,7,poison-spider,7,20
Z065,32766,32903,32700,32850,32850,33000,ground,7,7,cobra,5,6
Z065,32766,32903,32700,32850,32850,33000,ground,7,7,panda,5,10
Z065,32766,32903,32700,32850,32850,33000,ground,7,7,spider,4,7
Z065,32766,32903,32700,32850,32850,33000,ground,7,7,tarantula,4,11
Z065,32766,32903,32700,32850,32850,33000,ground,7,7,blue-butterfly,3,14
Z065,32766,32903,32700,32850,32850,33000,ground,7,7,dworc-fleshhunter,3,8
Z065,32766,32903,32700,32850,32850,33000,ground,7,7,snake,3,7
Z065,32766,32903,32700,32850,32850,33000,ground,7,7,dworc-venomsniper,2,4
Z065,32766,32903,32700,32850,32850,33000,ground,7,7,wasp,2,6
Z065,32766,32903,32700,32850,32850,33000,ground,7,7,chicken,1,1
Z065,32766,32903,32700,32850,32850,33000,ground,7,7,crypt-shambler,1,2
Z065,32766,32903,32700,32850,32850,33000,ground,7,7,dworc-voodoomaster,1,3
Z065,32766,32903,32700,32850,32850,33000,ground,7,7,red-butterfly,1,3
Z065,32766,32903,32700,32850,32850,33000,ground,7,7,skunk,1,2
Z065,32766,32903,32700,32850,32850,33000,ground,7,7,yellow-butterfly,1,3
Z066,32915,32198,32850,33000,32100,32250,under,8,15,swamp-troll,28,79
Z066,32915,32198,32850,33000,32100,32250,under,8,15,scorpion,7,20
Z066,32915,32198,32850,33000,32100,32250,under,8,15,dragon-lord,6,13
Z066,32915,32198,32850,33000,32100,32250,under,8,15,rotworm,4,9
Z066,32915,32198,32850,33000,32100,32250,under,8,15,cave-rat,3,14
Z066,32915,32198,32850,33000,32100,32250,under,8,15,dragon,2,2
Z066,32915,32198,32850,33000,32100,32250,under,8,15,ghoul,1,2
Z066,32915,32198,32850,33000,32100,32250,under,8,15,snake,1,3
Z067,32766,32024,32700,32850,31950,32100,under,8,11,rotworm,28,46
Z067,32766,32024,32700,32850,31950,32100,under,8,11,wasp,6,6
Z067,32766,32024,32700,32850,31950,32100,under,8,11,beholder,3,4
Z067,32766,32024,32700,32850,31950,32100,under,8,11,rat,3,7
Z067,32766,32024,32700,32850,31950,32100,under,8,11,slime,3,3
Z067,32766,32024,32700,32850,31950,32100,under,8,11,snake,3,6
Z067,32766,32024,32700,32850,31950,32100,under,8,11,poison-spider,2,2
Z067,32766,32024,32700,32850,31950,32100,under,8,11,amazon,1,2
Z067,32766,32024,32700,32850,31950,32100,under,8,11,mummy,1,5
Z067,32766,32024,32700,32850,31950,32100,under,8,11,witch,1,3
Z068,32314,31283,32250,32400,31200,31350,surface,3,6,winter-guardian,38,38
Z068,32314,31283,32250,32400,31200,31350,surface,3,6,cold-ambusher,10,10
Z068,32314,31283,32250,32400,31200,31350,surface,3,6,polar-bear,1,1
Z068,32314,31283,32250,32400,31200,31350,surface,3,6,rabbit,1,3
Z069,32802,32196,32700,32850,32100,32250,under,8,15,dragon,14,19
Z069,32802,32196,32700,32850,32100,32250,under,8,15,rotworm,6,11
Z069,32802,32196,32700,32850,32100,32250,under,8,15,scorpion,6,19
Z069,32802,32196,32700,32850,32100,32250,under,8,15,black-knight,3,9
Z069,32802,32196,32700,32850,32100,32250,under,8,15,witch,3,10
Z069,32802,32196,32700,32850,32100,32250,under,8,15,beholder,2,3
Z069,32802,32196,32700,32850,32100,32250,under,8,15,cyclops,2,4
Z069,32802,32196,32700,32850,32100,32250,under,8,15,dragon-lord,2,2
Z069,32802,32196,32700,32850,32100,32250,under,8,15,minotaur,2,5
Z069,32802,32196,32700,32850,32100,32250,under,8,15,slime,2,5
Z069,32802,32196,32700,32850,32100,32250,under,8,15,wolf,2,3
Z069,32802,32196,32700,32850,32100,32250,under,8,15,demon-skeleton,1,4
Z069,32802,32196,32700,32850,32100,32250,under,8,15,ghoul,1,3
Z069,32802,32196,32700,32850,32100,32250,under,8,15,minotaur-archer,1,2
Z069,32802,32196,32700,32850,32100,32250,under,8,15,minotaur-guard,1,2
Z069,32802,32196,32700,32850,32100,32250,under,8,15,minotaur-mage,1,2
Z069,32802,32196,32700,32850,32100,32250,under,8,15,orc,1,4
Z070,32937,31753,32850,33000,31650,31800,under,8,9,orc-berserker,11,26
Z070,32937,31753,32850,33000,31650,31800,under,8,9,orc-shaman,9,22
Z070,32937,31753,32850,33000,31650,31800,under,8,9,orc-leader,6,14
Z070,32937,31753,32850,33000,31650,31800,under,8,9,orc-warlord,4,11
Z070,32937,31753,32850,33000,31650,31800,under,8,9,dragon,3,3
Z070,32937,31753,32850,33000,31650,31800,under,8,9,dragon-lord,3,3
Z070,32937,31753,32850,33000,31650,31800,under,8,9,orc-spearman,3,9
Z070,32937,31753,32850,33000,31650,31800,under,8,9,orc-warrior,3,10
Z070,32937,31753,32850,33000,31650,31800,under,8,9,orc-rider,2,5
Z070,32937,31753,32850,33000,31650,31800,under,8,9,slime,2,6
Z070,32937,31753,32850,33000,31650,31800,under,8,9,beholder,1,1
Z070,32937,31753,32850,33000,31650,31800,under,8,9,orc,1,2
Z070,32937,31753,32850,33000,31650,31800,under,8,9,stone-golem,1,1
Z070,32937,31753,32850,33000,31650,31800,under,8,9,war-wolf,1,3
Z071,32275,32454,32250,32400,32400,32550,under,8,11,rotworm,23,23
Z071,32275,32454,32250,32400,32400,32550,under,8,11,dragon,5,13
Z071,32275,32454,32250,32400,32400,32550,under,8,11,minotaur,4,19
Z071,32275,32454,32250,32400,32400,32550,under,8,11,minotaur-archer,4,9
Z071,32275,32454,32250,32400,32400,32550,under,8,11,banshee,3,3
Z071,32275,32454,32250,32400,32400,32550,under,8,11,minotaur-mage,3,7
Z071,32275,32454,32250,32400,32400,32550,under,8,11,gargoyle,2,2
Z071,32275,32454,32250,32400,32400,32550,under,8,11,minotaur-guard,2,6
Z071,32275,32454,32250,32400,32400,32550,under,8,11,dragon-lord,1,1
Z071,32275,32454,32250,32400,32400,32550,under,8,11,stalker,1,2
Z071,32275,32454,32250,32400,32400,32550,under,8,11,wasp,1,2
Z072,32292,31280,32250,32400,31200,31350,ground,7,7,demon-skeleton,10,10
Z072,32292,31280,32250,32400,31200,31350,ground,7,7,ghoul,8,8
Z072,32292,31280,32250,32400,31200,31350,ground,7,7,giant-demon-skeleton,8,8
Z072,32292,31280,32250,32400,31200,31350,ground,7,7,spectre,8,8
Z072,32292,31280,32250,32400,31200,31350,ground,7,7,badger,4,8
Z072,32292,31280,32250,32400,31200,31350,ground,7,7,polar-bear,4,7
Z072,32292,31280,32250,32400,31200,31350,ground,7,7,winter-wolf,3,7
Z072,32292,31280,32250,32400,31200,31350,ground,7,7,cold-ambusher,2,2
Z072,32292,31280,32250,32400,31200,31350,ground,7,7,rabbit,2,4
Z073,32443,30811,32400,32550,30750,30900,under,8,9,grimaw,30,30
Z073,32443,30811,32400,32550,30750,30900,under,8,9,demon,19,19
Z074,32628,31702,32550,32700,31650,31800,under,8,15,wasp,15,46
Z074,32628,31702,32550,32700,31650,31800,under,8,15,goblin,6,24
Z074,32628,31702,32550,32700,31650,31800,under,8,15,troll,5,14
Z074,32628,31702,32550,32700,31650,31800,under,8,15,demon-skeleton,4,6
Z074,32628,31702,32550,32700,31650,31800,under,8,15,rat,4,10
Z074,32628,31702,32550,32700,31650,31800,under,8,15,ghoul,3,8
Z074,32628,31702,32550,32700,31650,31800,under,8,15,minotaur,3,6
Z074,32628,31702,32550,32700,31650,31800,under,8,15,orc-warrior,3,8
Z074,32628,31702,32550,32700,31650,31800,under,8,15,pig,2,5
Z074,32628,31702,32550,32700,31650,31800,under,8,15,orc,1,4
Z074,32628,31702,32550,32700,31650,31800,under,8,15,rotworm,1,2
Z074,32628,31702,32550,32700,31650,31800,under,8,15,skeleton,1,8
Z074,32628,31702,32550,32700,31650,31800,under,8,15,wolf,1,4
Z075,32924,32867,32850,33000,32850,33000,ground,7,7,lizard-sentinel,14,35
Z075,32924,32867,32850,33000,32850,33000,ground,7,7,lizard-templar,10,29
Z075,32924,32867,32850,33000,32850,33000,ground,7,7,lizard-snakecharmer,9,10
Z075,32924,32867,32850,33000,32850,33000,ground,7,7,cobra,5,9
Z075,32924,32867,32850,33000,32850,33000,ground,7,7,crocodile,2,4
Z075,32924,32867,32850,33000,32850,33000,ground,7,7,flamingo,2,5
Z075,32924,32867,32850,33000,32850,33000,ground,7,7,poison-spider,2,6
Z075,32924,32867,32850,33000,32850,33000,ground,7,7,bug,1,3
Z075,32924,32867,32850,33000,32850,33000,ground,7,7,centipede,1,3
Z075,32924,32867,32850,33000,32850,33000,ground,7,7,crab,1,2
Z075,32924,32867,32850,33000,32850,33000,ground,7,7,panda,1,2
Z075,32924,32867,32850,33000,32850,33000,ground,7,7,tarantula,1,2
Z076,32148,31587,32100,32250,31500,31650,under,8,10,minotaur,13,32
Z076,32148,31587,32100,32250,31500,31650,under,8,10,rotworm,7,16
Z076,32148,31587,32100,32250,31500,31650,under,8,10,frost-troll,5,14
Z076,32148,31587,32100,32250,31500,31650,under,8,10,slime,3,3
Z076,32148,31587,32100,32250,31500,31650,under,8,10,spider,3,4
Z076,32148,31587,32100,32250,31500,31650,under,8,10,beholder,2,2
Z076,32148,31587,32100,32250,31500,31650,under,8,10,minotaur-archer,2,2
Z076,32148,31587,32100,32250,31500,31650,under,8,10,minotaur-guard,2,3
Z076,32148,31587,32100,32250,31500,31650,under,8,10,minotaur-mage,2,2
Z076,32148,31587,32100,32250,31500,31650,under,8,10,rat,2,4
Z076,32148,31587,32100,32250,31500,31650,under,8,10,troll,2,6
Z076,32148,31587,32100,32250,31500,31650,under,8,10,bug,1,3
Z076,32148,31587,32100,32250,31500,31650,under,8,10,poison-spider,1,5
Z076,32148,31587,32100,32250,31500,31650,under,8,10,scorpion,1,3
Z076,32148,31587,32100,32250,31500,31650,under,8,10,snake,1,1
Z076,32148,31587,32100,32250,31500,31650,under,8,10,winter-wolf,1,2
Z077,32335,32015,32250,32400,31950,32100,under,8,13,cave-rat,6,18
Z077,32335,32015,32250,32400,31950,32100,under,8,13,orc-berserker,5,10
Z077,32335,32015,32250,32400,31950,32100,under,8,13,demon-skeleton,4,10
Z077,32335,32015,32250,32400,31950,32100,under,8,13,dragon,4,4
Z077,32335,32015,32250,32400,31950,32100,under,8,13,orc-shaman,4,6
Z077,32335,32015,32250,32400,31950,32100,under,8,13,dragon-lord,2,3
Z077,32335,32015,32250,32400,31950,32100,under,8,13,ghost,2,6
Z077,32335,32015,32250,32400,31950,32100,under,8,13,poison-spider,2,6
Z077,32335,32015,32250,32400,31950,32100,under,8,13,scorpion,2,6
Z077,32335,32015,32250,32400,31950,32100,under,8,13,stalker,2,6
Z077,32335,32015,32250,32400,31950,32100,under,8,13,troll,2,4
Z077,32335,32015,32250,32400,31950,32100,under,8,13,cyclops,1,3
Z077,32335,32015,32250,32400,31950,32100,under,8,13,dwarf-soldier,1,2
Z077,32335,32015,32250,32400,31950,32100,under,8,13,fire-elemental,1,1
Z077,32335,32015,32250,32400,31950,32100,under,8,13,frost-troll,1,1
Z077,32335,32015,32250,32400,31950,32100,under,8,13,ghoul,1,2
Z077,32335,32015,32250,32400,31950,32100,under,8,13,orc,1,3
Z077,32335,32015,32250,32400,31950,32100,under,8,13,orc-leader,1,1
Z077,32335,32015,32250,32400,31950,32100,under,8,13,slime,1,4
Z077,32335,32015,32250,32400,31950,32100,under,8,13,snake,1,2
Z077,32335,32015,32250,32400,31950,32100,under,8,13,spider,1,18
Z077,32335,32015,32250,32400,31950,32100,under,8,13,swamp-troll,1,1
Z078,32953,32461,32850,33000,32400,32550,under,8,12,ghoul,8,19
Z078,32953,32461,32850,33000,32400,32550,under,8,12,demon-skeleton,7,23
Z078,32953,32461,32850,33000,32400,32550,under,8,12,manticore,7,7
Z078,32953,32461,32850,33000,32400,32550,under,8,12,vampire,5,8
Z078,32953,32461,32850,33000,32400,32550,under,8,12,scorpion,3,7
Z078,32953,32461,32850,33000,32400,32550,under,8,12,ghost,2,7
Z078,32953,32461,32850,33000,32400,32550,under,8,12,mummy,2,4
Z078,32953,32461,32850,33000,32400,32550,under,8,12,sibang,2,7
Z078,32953,32461,32850,33000,32400,32550,under,8,12,slime,2,4
Z078,32953,32461,32850,33000,32400,32550,under,8,12,stalker,2,4
Z078,32953,32461,32850,33000,32400,32550,under,8,12,bonebeast,1,2
Z078,32953,32461,32850,33000,32400,32550,under,8,12,carniphila,1,1
Z078,32953,32461,32850,33000,32400,32550,under,8,12,gargoyle,1,4
Z078,32953,32461,32850,33000,32400,32550,under,8,12,green-djinn,1,2
Z078,32953,32461,32850,33000,32400,32550,under,8,12,kongra,1,2
Z078,32953,32461,32850,33000,32400,32550,under,8,12,merlkin,1,3
Z079,32641,32315,32550,32700,32250,32400,ground,7,7,wild-warrior,8,18
Z079,32641,32315,32550,32700,32250,32400,ground,7,7,poison-spider,6,16
Z079,32641,32315,32550,32700,32250,32400,ground,7,7,bandit,5,13
Z079,32641,32315,32550,32700,32250,32400,ground,7,7,smuggler,5,15
Z079,32641,32315,32550,32700,32250,32400,ground,7,7,wolf,4,16
Z079,32641,32315,32550,32700,32250,32400,ground,7,7,deer,3,10
Z079,32641,32315,32550,32700,32250,32400,ground,7,7,snake,3,9
Z079,32641,32315,32550,32700,32250,32400,ground,7,7,centipede,1,3
Z079,32641,32315,32550,32700,32250,32400,ground,7,7,hunter,1,2
Z079,32641,32315,32550,32700,32250,32400,ground,7,7,minotaur,1,2
Z079,32641,32315,32550,32700,32250,32400,ground,7,7,minotaur-archer,1,1
Z079,32641,32315,32550,32700,32250,32400,ground,7,7,minotaur-guard,1,2
Z079,32641,32315,32550,32700,32250,32400,ground,7,7,minotaur-mage,1,1
Z079,32641,32315,32550,32700,32250,32400,ground,7,7,orc-rider,1,4
Z079,32641,32315,32550,32700,32250,32400,ground,7,7,scorpion,1,1
Z079,32641,32315,32550,32700,32250,32400,ground,7,7,slime,1,1
Z079,32641,32315,32550,32700,32250,32400,ground,7,7,war-wolf,1,3
Z079,32641,32315,32550,32700,32250,32400,ground,7,7,wasp,1,3
Z080,33048,32373,33000,33150,32250,32400,under,8,11,rotworm,29,70
Z080,33048,32373,33000,33150,32250,32400,under,8,11,demon-skeleton,3,8
Z080,33048,32373,33000,33150,32250,32400,under,8,11,ghost,2,4
Z080,33048,32373,33000,33150,32250,32400,under,8,11,ghoul,2,6
Z080,33048,32373,33000,33150,32250,32400,under,8,11,mummy,2,4
Z080,33048,32373,33000,33150,32250,32400,under,8,11,necromancer,2,4
Z080,33048,32373,33000,33150,32250,32400,under,8,11,stalker,2,4
Z080,33048,32373,33000,33150,32250,32400,under,8,11,black-sheep,1,7
Z080,33048,32373,33000,33150,32250,32400,under,8,11,priestess,1,2
Z080,33048,32373,33000,33150,32250,32400,under,8,11,skeleton,1,3
Z081,32365,30979,32250,32400,30900,31050,under,8,11,fleshcursed-skeleton,19,19
Z081,32365,30979,32250,32400,30900,31050,under,8,11,shadow-drake,17,17
Z081,32365,30979,32250,32400,30900,31050,under,8,11,bonereaper,8,8
Z082,33312,32302,33300,33450,32250,32400,under,8,11,rotworm,15,44
Z082,33312,32302,33300,33450,32250,32400,under,8,11,minotaur-guard,10,23
Z082,33312,32302,33300,33450,32250,32400,under,8,11,minotaur-mage,8,13
Z082,33312,32302,33300,33450,32250,32400,under,8,11,minotaur-archer,6,14
Z082,33312,32302,33300,33450,32250,32400,under,8,11,minotaur,4,11
Z082,33312,32302,33300,33450,32250,32400,under,8,11,mummy,1,1
Z083,32186,31753,32100,32250,31650,31800,under,8,12,ghoul,9,20
Z083,32186,31753,32100,32250,31650,31800,under,8,12,rotworm,6,17
Z083,32186,31753,32100,32250,31650,31800,under,8,12,demon-skeleton,5,9
Z083,32186,31753,32100,32250,31650,31800,under,8,12,scorpion,4,5
Z083,32186,31753,32100,32250,31650,31800,under,8,12,skeleton,4,9
Z083,32186,31753,32100,32250,31650,31800,under,8,12,cave-rat,3,6
Z083,32186,31753,32100,32250,31650,31800,under,8,12,rabbit,3,5
Z083,32186,31753,32100,32250,31650,31800,under,8,12,troll,3,6
Z083,32186,31753,32100,32250,31650,31800,under,8,12,slime,2,2
Z083,32186,31753,32100,32250,31650,31800,under,8,12,bug,1,4
Z083,32186,31753,32100,32250,31650,31800,under,8,12,minotaur,1,6
Z083,32186,31753,32100,32250,31650,31800,under,8,12,minotaur-archer,1,1
Z083,32186,31753,32100,32250,31650,31800,under,8,12,rat,1,1
Z084,32620,32589,32550,32700,32550,32700,surface,4,6,wyrm,27,27
Z084,32620,32589,32550,32700,32550,32700,surface,4,6,elder-wyrm,16,16
Z085,32631,31328,32550,32700,31200,31350,surface,2,6,ice-witch,14,14
Z085,32631,31328,32550,32700,31200,31350,surface,2,6,ice-golem,13,13
Z085,32631,31328,32550,32700,31200,31350,surface,2,6,jothun,12,12
Z085,32631,31328,32550,32700,31200,31350,surface,2,6,jothun-elder,2,2
Z085,32631,31328,32550,32700,31200,31350,surface,2,6,badger,1,1
Z085,32631,31328,32550,32700,31200,31350,surface,2,6,winter-wolf,1,2
Z086,32774,32017,32700,32850,31950,32100,ground,7,7,snake,9,23
Z086,32774,32017,32700,32850,31950,32100,ground,7,7,rabbit,4,11
Z086,32774,32017,32700,32850,31950,32100,ground,7,7,bug,3,6
Z086,32774,32017,32700,32850,31950,32100,ground,7,7,rat,3,8
Z086,32774,32017,32700,32850,31950,32100,ground,7,7,slime,3,3
Z086,32774,32017,32700,32850,31950,32100,ground,7,7,wasp,3,9
Z086,32774,32017,32700,32850,31950,32100,ground,7,7,amazon,2,5
Z086,32774,32017,32700,32850,31950,32100,ground,7,7,beholder,2,2
Z086,32774,32017,32700,32850,31950,32100,ground,7,7,deer,2,6
Z086,32774,32017,32700,32850,31950,32100,ground,7,7,scorpion,2,5
Z086,32774,32017,32700,32850,31950,32100,ground,7,7,spider,2,3
Z086,32774,32017,32700,32850,31950,32100,ground,7,7,witch,2,3
Z086,32774,32017,32700,32850,31950,32100,ground,7,7,bear,1,1
Z086,32774,32017,32700,32850,31950,32100,ground,7,7,giant-spider,1,1
Z086,32774,32017,32700,32850,31950,32100,ground,7,7,poison-spider,1,4
Z086,32774,32017,32700,32850,31950,32100,ground,7,7,skeleton,1,1
Z086,32774,32017,32700,32850,31950,32100,ground,7,7,swamp-troll,1,3
Z086,32774,32017,32700,32850,31950,32100,ground,7,7,wolf,1,7
Z087,33128,31615,33000,33150,31500,31650,under,8,15,monk,7,19
Z087,33128,31615,33000,33150,31500,31650,under,8,15,demon-skeleton,6,16
Z087,33128,31615,33000,33150,31500,31650,under,8,15,wild-warrior,6,16
Z087,33128,31615,33000,33150,31500,31650,under,8,15,priestess,5,9
Z087,33128,31615,33000,33150,31500,31650,under,8,15,hero,4,5
Z087,33128,31615,33000,33150,31500,31650,under,8,15,dragon,3,9
Z087,33128,31615,33000,33150,31500,31650,under,8,15,beholder,2,2
Z087,33128,31615,33000,33150,31500,31650,under,8,15,dragon-lord,2,2
Z087,33128,31615,33000,33150,31500,31650,under,8,15,hunter,2,3
Z087,33128,31615,33000,33150,31500,31650,under,8,15,stalker,2,6
Z087,33128,31615,33000,33150,31500,31650,under,8,15,demon,1,1
Z087,33128,31615,33000,33150,31500,31650,under,8,15,fire-elemental,1,4
Z087,33128,31615,33000,33150,31500,31650,under,8,15,minotaur-mage,1,1
Z087,33128,31615,33000,33150,31500,31650,under,8,15,necromancer,1,1
Z088,32488,32023,32400,32550,31950,32100,surface,3,6,cyclops,19,45
Z088,32488,32023,32400,32550,31950,32100,surface,3,6,cyclops-warrior,11,14
Z088,32488,32023,32400,32550,31950,32100,surface,3,6,minotaur-archer,4,13
Z088,32488,32023,32400,32550,31950,32100,surface,3,6,minotaur-guard,3,8
Z088,32488,32023,32400,32550,31950,32100,surface,3,6,minotaur-mage,2,3
Z088,32488,32023,32400,32550,31950,32100,surface,3,6,poison-spider,2,7
Z088,32488,32023,32400,32550,31950,32100,surface,3,6,spider,1,8
Z089,32943,32590,32850,33000,32550,32700,under,8,14,manticore,11,11
Z089,32943,32590,32850,33000,32550,32700,under,8,14,skeleton,6,13
Z089,32943,32590,32850,33000,32550,32700,under,8,14,poison-spider,3,8
Z089,32943,32590,32850,33000,32550,32700,under,8,14,bonebeast,2,7
Z089,32943,32590,32850,33000,32550,32700,under,8,14,cobra,2,3
Z089,32943,32590,32850,33000,32550,32700,under,8,14,hyaena,2,6
Z089,32943,32590,32850,33000,32550,32700,under,8,14,larva,2,4
Z089,32943,32590,32850,33000,32550,32700,under,8,14,merlkin,2,4
Z089,32943,32590,32850,33000,32550,32700,under,8,14,snake,2,7
Z089,32943,32590,32850,33000,32550,32700,under,8,14,beholder,1,2
Z089,32943,32590,32850,33000,32550,32700,under,8,14,carniphila,1,1
Z089,32943,32590,32850,33000,32550,32700,under,8,14,elder-beholder,1,1
Z089,32943,32590,32850,33000,32550,32700,under,8,14,giant-spider,1,4
Z089,32943,32590,32850,33000,32550,32700,under,8,14,green-djinn,1,2
Z089,32943,32590,32850,33000,32550,32700,under,8,14,kongra,1,3
Z089,32943,32590,32850,33000,32550,32700,under,8,14,lich,1,1
Z089,32943,32590,32850,33000,32550,32700,under,8,14,necromancer,1,1
Z089,32943,32590,32850,33000,32550,32700,under,8,14,sibang,1,2
Z089,32943,32590,32850,33000,32550,32700,under,8,14,slime,1,2
Z090,32308,31996,32250,32400,31950,32100,surface,4,6,orc-berserker,14,26
Z090,32308,31996,32250,32400,31950,32100,surface,4,6,orc-warrior,8,15
Z090,32308,31996,32250,32400,31950,32100,surface,4,6,orc-leader,7,7
Z090,32308,31996,32250,32400,31950,32100,surface,4,6,orc-spearman,5,13
Z090,32308,31996,32250,32400,31950,32100,surface,4,6,orc-shaman,3,4
Z090,32308,31996,32250,32400,31950,32100,surface,4,6,wolf,2,5
Z090,32308,31996,32250,32400,31950,32100,surface,4,6,war-wolf,1,1
Z090,32308,31996,32250,32400,31950,32100,surface,4,6,witch,1,1
Z091,32630,32781,32550,32700,32700,32850,ground,7,7,snake,9,27
Z091,32630,32781,32550,32700,32700,32850,ground,7,7,blue-butterfly,8,27
Z091,32630,32781,32550,32700,32700,32850,ground,7,7,centipede,4,9
Z091,32630,32781,32550,32700,32700,32850,ground,7,7,cave-rat,3,5
Z091,32630,32781,32550,32700,32700,32850,ground,7,7,bug,2,6
Z091,32630,32781,32550,32700,32700,32850,ground,7,7,cobra,2,2
Z091,32630,32781,32550,32700,32700,32850,ground,7,7,poison-spider,2,5
Z091,32630,32781,32550,32700,32700,32850,ground,7,7,red-butterfly,2,4
Z091,32630,32781,32550,32700,32700,32850,ground,7,7,spider,2,5
Z091,32630,32781,32550,32700,32700,32850,ground,7,7,wasp,2,6
Z091,32630,32781,32550,32700,32700,32850,ground,7,7,yellow-butterfly,2,4
Z091,32630,32781,32550,32700,32700,32850,ground,7,7,flamingo,1,1
Z091,32630,32781,32550,32700,32700,32850,ground,7,7,slime,1,2
Z091,32630,32781,32550,32700,32700,32850,ground,7,7,terror-bird,1,2
Z092,33319,31721,33300,33450,31650,31800,under,8,15,behemoth,9,18
Z092,33319,31721,33300,33450,31650,31800,under,8,15,rotworm,9,16
Z092,33319,31721,33300,33450,31650,31800,under,8,15,cyclops,8,22
Z092,33319,31721,33300,33450,31650,31800,under,8,15,skeleton,5,9
Z092,33319,31721,33300,33450,31650,31800,under,8,15,dwarf-soldier,3,8
Z092,33319,31721,33300,33450,31650,31800,under,8,15,dragon,2,2
Z092,33319,31721,33300,33450,31650,31800,under,8,15,fire-elemental,2,5
Z092,33319,31721,33300,33450,31650,31800,under,8,15,demon-skeleton,1,1
Z092,33319,31721,33300,33450,31650,31800,under,8,15,ghoul,1,4
Z093,33227,32301,33150,33300,32250,32400,under,8,9,rotworm,39,106
Z094,32466,32302,32400,32550,32250,32400,under,8,11,troll,11,26
Z094,32466,32302,32400,32550,32250,32400,under,8,11,wasp,9,18
Z094,32466,32302,32400,32550,32250,32400,under,8,11,cyclops,5,5
Z094,32466,32302,32400,32550,32250,32400,under,8,11,rotworm,4,19
Z094,32466,32302,32400,32550,32250,32400,under,8,11,orc,3,10
Z094,32466,32302,32400,32550,32250,32400,under,8,11,rat,2,4
Z094,32466,32302,32400,32550,32250,32400,under,8,11,orc-warrior,1,2
Z094,32466,32302,32400,32550,32250,32400,under,8,11,skeleton,1,3
Z094,32466,32302,32400,32550,32250,32400,under,8,11,slime,1,1
Z094,32466,32302,32400,32550,32250,32400,under,8,11,swamp-troll,1,3
Z095,32921,32507,32850,33000,32400,32550,ground,7,7,giant-cobra,5,5
Z095,32921,32507,32850,33000,32400,32550,ground,7,7,ghoul,4,9
Z095,32921,32507,32850,33000,32400,32550,ground,7,7,centipede,3,12
Z095,32921,32507,32850,33000,32400,32550,ground,7,7,bat,2,8
Z095,32921,32507,32850,33000,32400,32550,ground,7,7,blue-butterfly,2,8
Z095,32921,32507,32850,33000,32400,32550,ground,7,7,demon-skeleton,2,5
Z095,32921,32507,32850,33000,32400,32550,ground,7,7,ghost,2,5
Z095,32921,32507,32850,33000,32400,32550,ground,7,7,kongra,2,2
Z095,32921,32507,32850,33000,32400,32550,ground,7,7,spider,2,6
Z095,32921,32507,32850,33000,32400,32550,ground,7,7,spit-nettle,2,2
Z095,32921,32507,32850,33000,32400,32550,ground,7,7,tiger,2,3
Z095,32921,32507,32850,33000,32400,32550,ground,7,7,wasp,2,6
Z095,32921,32507,32850,33000,32400,32550,ground,7,7,bug,1,3
Z095,32921,32507,32850,33000,32400,32550,ground,7,7,carniphila,1,1
Z095,32921,32507,32850,33000,32400,32550,ground,7,7,crab,1,2
Z095,32921,32507,32850,33000,32400,32550,ground,7,7,red-butterfly,1,2
Z095,32921,32507,32850,33000,32400,32550,ground,7,7,sibang,1,2
Z095,32921,32507,32850,33000,32400,32550,ground,7,7,stalker,1,4
Z095,32921,32507,32850,33000,32400,32550,ground,7,7,tarantula,1,2
Z095,32921,32507,32850,33000,32400,32550,ground,7,7,yellow-butterfly,1,2
Z096,32959,32480,32850,33000,32400,32550,surface,2,6,giant-cobra,22,22
Z096,32959,32480,32850,33000,32400,32550,surface,2,6,demon-skeleton,7,11
Z096,32959,32480,32850,33000,32400,32550,surface,2,6,ghost,6,9
Z096,32959,32480,32850,33000,32400,32550,surface,2,6,ghoul,2,5
Z096,32959,32480,32850,33000,32400,32550,surface,2,6,merlkin,1,2
Z097,33065,32161,33000,33150,32100,32250,ground,7,7,elf,14,28
Z097,33065,32161,33000,33150,32100,32250,ground,7,7,snake,13,40
Z097,33065,32161,33000,33150,32100,32250,ground,7,7,elf-scout,6,9
Z097,33065,32161,33000,33150,32100,32250,ground,7,7,rabbit,4,8
Z098,33076,32167,33000,33150,32100,32250,surface,2,6,elf-scout,24,47
Z098,33076,32167,33000,33150,32100,32250,surface,2,6,elf,8,19
Z098,33076,32167,33000,33150,32100,32250,surface,2,6,elf-arcanist,3,6
Z098,33076,32167,33000,33150,32100,32250,surface,2,6,dragon,2,2
Z099,32472,32014,32400,32550,31950,32100,ground,7,7,cyclops,5,22
Z099,32472,32014,32400,32550,31950,32100,ground,7,7,wolf,5,25
Z099,32472,32014,32400,32550,31950,32100,ground,7,7,bear,4,9
Z099,32472,32014,32400,32550,31950,32100,ground,7,7,cyclops-warrior,3,4
Z099,32472,32014,32400,32550,31950,32100,ground,7,7,deer,2,8
Z099,32472,32014,32400,32550,31950,32100,ground,7,7,elf,2,5
Z099,32472,32014,32400,32550,31950,32100,ground,7,7,elf-scout,2,4
Z099,32472,32014,32400,32550,31950,32100,ground,7,7,minotaur,2,7
Z099,32472,32014,32400,32550,31950,32100,ground,7,7,minotaur-archer,2,5
Z099,32472,32014,32400,32550,31950,32100,ground,7,7,blue-butterfly,1,1
Z099,32472,32014,32400,32550,31950,32100,ground,7,7,bug,1,2
Z099,32472,32014,32400,32550,31950,32100,ground,7,7,dwarf,1,3
Z099,32472,32014,32400,32550,31950,32100,ground,7,7,dwarf-soldier,1,6
Z099,32472,32014,32400,32550,31950,32100,ground,7,7,elf-arcanist,1,1
Z099,32472,32014,32400,32550,31950,32100,ground,7,7,hunter,1,2
Z099,32472,32014,32400,32550,31950,32100,ground,7,7,minotaur-guard,1,2
Z099,32472,32014,32400,32550,31950,32100,ground,7,7,rabbit,1,3
Z099,32472,32014,32400,32550,31950,32100,ground,7,7,snake,1,1
Z100,32207,31320,32100,32250,31200,31350,under,8,11,necromancer,11,11
Z100,32207,31320,32100,32250,31200,31350,under,8,11,demon-skeleton,9,9
Z100,32207,31320,32100,32250,31200,31350,under,8,11,mummy,5,5
Z100,32207,31320,32100,32250,31200,31350,under,8,11,vampire,4,4
Z100,32207,31320,32100,32250,31200,31350,under,8,11,lich,2,2
Z100,32207,31320,32100,32250,31200,31350,under,8,11,priestess,2,2
Z100,32207,31320,32100,32250,31200,31350,under,8,11,ghoul,1,1
Z100,32207,31320,32100,32250,31200,31350,under,8,11,wight,1,1
Z101,32341,31154,32250,32400,31050,31200,under,8,11,demon-skeleton,12,12
Z101,32341,31154,32250,32400,31050,31200,under,8,11,shadow-drake,10,10
Z101,32341,31154,32250,32400,31050,31200,under,8,11,giant-demon-skeleton,6,6
Z101,32341,31154,32250,32400,31050,31200,under,8,11,frost-dragon,4,4
Z101,32341,31154,32250,32400,31050,31200,under,8,11,ghoul,3,7
Z102,32775,32198,32700,32850,32100,32250,ground,7,7,cyclops,6,17
Z102,32775,32198,32700,32850,32100,32250,ground,7,7,dragon,4,4
Z102,32775,32198,32700,32850,32100,32250,ground,7,7,minotaur,4,13
Z102,32775,32198,32700,32850,32100,32250,ground,7,7,poison-spider,4,14
Z102,32775,32198,32700,32850,32100,32250,ground,7,7,minotaur-guard,3,6
Z102,32775,32198,32700,32850,32100,32250,ground,7,7,snake,3,7
Z102,32775,32198,32700,32850,32100,32250,ground,7,7,wolf,3,9
Z102,32775,32198,32700,32850,32100,32250,ground,7,7,deer,2,7
Z102,32775,32198,32700,32850,32100,32250,ground,7,7,minotaur-archer,2,5
Z102,32775,32198,32700,32850,32100,32250,ground,7,7,scorpion,2,6
Z102,32775,32198,32700,32850,32100,32250,ground,7,7,minotaur-mage,1,2
Z102,32775,32198,32700,32850,32100,32250,ground,7,7,rat,1,4
Z103,32952,32589,32850,33000,32550,32700,surface,3,6,giant-cobra,27,27
Z103,32952,32589,32850,33000,32550,32700,surface,3,6,hydra,3,4
Z103,32952,32589,32850,33000,32550,32700,surface,3,6,carniphila,2,2
Z103,32952,32589,32850,33000,32550,32700,surface,3,6,kongra,2,3
Z103,32952,32589,32850,33000,32550,32700,surface,3,6,sibang,1,2
Z104,32351,31750,32250,32400,31650,31800,under,8,13,bug,14,39
Z104,32351,31750,32250,32400,31650,31800,under,8,13,queen-follower,9,9
Z104,32351,31750,32250,32400,31650,31800,under,8,13,troll,5,12
Z104,32351,31750,32250,32400,31650,31800,under,8,13,rotworm,2,3
Z104,32351,31750,32250,32400,31650,31800,under,8,13,dragon-lord,1,1
Z104,32351,31750,32250,32400,31650,31800,under,8,13,goblin,1,3
Z104,32351,31750,32250,32400,31650,31800,under,8,13,orc-leader,1,1
Z104,32351,31750,32250,32400,31650,31800,under,8,13,snake,1,5
Z105,32652,32895,32550,32700,32850,33000,ground,7,7,centipede,5,16
Z105,32652,32895,32550,32700,32850,33000,ground,7,7,panda,5,11
Z105,32652,32895,32550,32700,32850,33000,ground,7,7,dworc-venomsniper,3,7
Z105,32652,32895,32550,32700,32850,33000,ground,7,7,poison-spider,3,12
Z105,32652,32895,32550,32700,32850,33000,ground,7,7,tarantula,3,5
Z105,32652,32895,32550,32700,32850,33000,ground,7,7,terror-bird,3,4
Z105,32652,32895,32550,32700,32850,33000,ground,7,7,blue-butterfly,2,6
Z105,32652,32895,32550,32700,32850,33000,ground,7,7,crab,2,3
Z105,32652,32895,32550,32700,32850,33000,ground,7,7,dworc-fleshhunter,2,5
Z105,32652,32895,32550,32700,32850,33000,ground,7,7,spider,2,5
Z105,32652,32895,32550,32700,32850,33000,ground,7,7,cobra,1,2
Z105,32652,32895,32550,32700,32850,33000,ground,7,7,red-butterfly,1,2
Z105,32652,32895,32550,32700,32850,33000,ground,7,7,wasp,1,3
Z105,32652,32895,32550,32700,32850,33000,ground,7,7,yellow-butterfly,1,2
Z106,33224,32159,33150,33300,32100,32250,under,8,14,dragon-lord,19,24
Z106,33224,32159,33150,33300,32100,32250,under,8,14,dragon,15,20
Z107,32013,31691,31950,32100,31650,31800,under,8,9,rotworm,13,35
Z107,32013,31691,31950,32100,31650,31800,under,8,9,minotaur,8,20
Z107,32013,31691,31950,32100,31650,31800,under,8,9,bug,2,3
Z107,32013,31691,31950,32100,31650,31800,under,8,9,frost-troll,2,5
Z107,32013,31691,31950,32100,31650,31800,under,8,9,slime,2,5
Z107,32013,31691,31950,32100,31650,31800,under,8,9,spider,2,4
Z107,32013,31691,31950,32100,31650,31800,under,8,9,poison-spider,1,2
Z107,32013,31691,31950,32100,31650,31800,under,8,9,rat,1,3
Z107,32013,31691,31950,32100,31650,31800,under,8,9,wasp,1,2
Z107,32013,31691,31950,32100,31650,31800,under,8,9,winter-wolf,1,5
Z108,32782,31879,32700,32850,31800,31950,ground,7,7,deer,7,28
Z108,32782,31879,32700,32850,31800,31950,ground,7,7,amazon,6,12
Z108,32782,31879,32700,32850,31800,31950,ground,7,7,rabbit,6,21
Z108,32782,31879,32700,32850,31800,31950,ground,7,7,bear,3,6
Z108,32782,31879,32700,32850,31800,31950,ground,7,7,wolf,3,11
Z108,32782,31879,32700,32850,31800,31950,ground,7,7,snake,2,8
Z108,32782,31879,32700,32850,31800,31950,ground,7,7,wasp,2,7
Z108,32782,31879,32700,32850,31800,31950,ground,7,7,blue-butterfly,1,2
Z108,32782,31879,32700,32850,31800,31950,ground,7,7,hunter,1,1
Z108,32782,31879,32700,32850,31800,31950,ground,7,7,rotworm,1,2
Z108,32782,31879,32700,32850,31800,31950,ground,7,7,spider,1,4
Z109,32794,31586,32700,32850,31500,31650,surface,2,6,ghoul,10,28
Z109,32794,31586,32700,32850,31500,31650,surface,2,6,mummy,7,18
Z109,32794,31586,32700,32850,31500,31650,surface,2,6,demon-skeleton,5,8
Z109,32794,31586,32700,32850,31500,31650,surface,2,6,skeleton,5,13
Z109,32794,31586,32700,32850,31500,31650,surface,2,6,blue-butterfly,3,5
Z109,32794,31586,32700,32850,31500,31650,surface,2,6,dragon,1,1
Z109,32794,31586,32700,32850,31500,31650,surface,2,6,dragon-lord,1,1
Z109,32794,31586,32700,32850,31500,31650,surface,2,6,slime,1,2
Z110,32813,32530,32700,32850,32400,32550,surface,4,6,kongra,12,22
Z110,32813,32530,32700,32850,32400,32550,surface,4,6,merlkin,11,17
Z110,32813,32530,32700,32850,32400,32550,surface,4,6,sibang,10,19
Z111,32197,31113,32100,32250,31050,31200,under,8,11,frost-dragon,11,11
Z111,32197,31113,32100,32250,31050,31200,under,8,11,frozemoth,7,7
Z111,32197,31113,32100,32250,31050,31200,under,8,11,bonebeast,6,6
Z111,32197,31113,32100,32250,31050,31200,under,8,11,bat,4,4
Z111,32197,31113,32100,32250,31050,31200,under,8,11,ghoul,4,4
Z112,32340,31410,32250,32400,31350,31500,under,8,10,frozemoth,23,23
Z112,32340,31410,32250,32400,31350,31500,under,8,10,coldcrawler,4,4
Z112,32340,31410,32250,32400,31350,31500,under,8,10,abomination,3,3
Z112,32340,31410,32250,32400,31350,31500,under,8,10,rabbit,2,5
Z113,32166,31275,32100,32250,31200,31350,surface,5,6,demon-skeleton,12,15
Z113,32166,31275,32100,32250,31200,31350,surface,5,6,ghoul,9,17
Z113,32166,31275,32100,32250,31200,31350,surface,5,6,giant-demon-skeleton,6,6
Z113,32166,31275,32100,32250,31200,31350,surface,5,6,spectre,4,4
Z114,32314,32470,32250,32400,32400,32550,ground,7,7,minotaur,13,34
Z114,32314,32470,32250,32400,32400,32550,ground,7,7,minotaur-guard,11,21
Z114,32314,32470,32250,32400,32400,32550,ground,7,7,minotaur-archer,3,3
Z114,32314,32470,32250,32400,32400,32550,ground,7,7,cyclops,2,4
Z114,32314,32470,32250,32400,32400,32550,ground,7,7,minotaur-mage,1,1
Z114,32314,32470,32250,32400,32400,32550,ground,7,7,troll,1,1
Z115,32811,32527,32700,32850,32400,32550,ground,7,7,kongra,15,29
Z115,32811,32527,32700,32850,32400,32550,ground,7,7,sibang,13,38
Z115,32811,32527,32700,32850,32400,32550,ground,7,7,merlkin,2,2
Z115,32811,32527,32700,32850,32400,32550,ground,7,7,yellow-butterfly,1,2
Z116,32154,32031,32100,32250,31950,32100,under,8,15,wolf,9,18
Z116,32154,32031,32100,32250,31950,32100,under,8,15,orc,4,9
Z116,32154,32031,32100,32250,31950,32100,under,8,15,banshee,3,7
Z116,32154,32031,32100,32250,31950,32100,under,8,15,minotaur,3,7
Z116,32154,32031,32100,32250,31950,32100,under,8,15,stalker,3,6
Z116,32154,32031,32100,32250,31950,32100,under,8,15,ghost,2,2
Z116,32154,32031,32100,32250,31950,32100,under,8,15,bear,1,1
Z116,32154,32031,32100,32250,31950,32100,under,8,15,giant-spider,1,1
Z116,32154,32031,32100,32250,31950,32100,under,8,15,minotaur-mage,1,1
Z116,32154,32031,32100,32250,31950,32100,under,8,15,mummy,1,4
Z116,32154,32031,32100,32250,31950,32100,under,8,15,rotworm,1,2
Z116,32154,32031,32100,32250,31950,32100,under,8,15,troll,1,2
Z117,32331,32338,32250,32400,32250,32400,ground,7,7,wolf,6,28
Z117,32331,32338,32250,32400,32250,32400,ground,7,7,deer,5,18
Z117,32331,32338,32250,32400,32250,32400,ground,7,7,rabbit,5,14
Z117,32331,32338,32250,32400,32250,32400,ground,7,7,snake,5,29
Z117,32331,32338,32250,32400,32250,32400,ground,7,7,spider,3,8
Z117,32331,32338,32250,32400,32250,32400,ground,7,7,bear,1,3
Z117,32331,32338,32250,32400,32250,32400,ground,7,7,blue-butterfly,1,2
Z117,32331,32338,32250,32400,32250,32400,ground,7,7,cyclops,1,4
Z117,32331,32338,32250,32400,32250,32400,ground,7,7,minotaur,1,2
Z117,32331,32338,32250,32400,32250,32400,ground,7,7,poison-spider,1,3
Z117,32331,32338,32250,32400,32250,32400,ground,7,7,wasp,1,4
Z118,32449,31236,32400,32550,31200,31350,under,8,9,crypt-shambler,8,8
Z118,32449,31236,32400,32550,31200,31350,under,8,9,demon-skeleton,8,9
Z118,32449,31236,32400,32550,31200,31350,under,8,9,giant-skeleton,6,6
Z118,32449,31236,32400,32550,31200,31350,under,8,9,ghoul,3,4
Z118,32449,31236,32400,32550,31200,31350,under,8,9,polar-bear,3,3
Z118,32449,31236,32400,32550,31200,31350,under,8,9,bat,1,5
Z118,32449,31236,32400,32550,31200,31350,under,8,9,giant-demon-skeleton,1,1
Z119,32469,30976,32400,32550,30900,31050,surface,3,3,undead-dragon,25,25
Z119,32469,30976,32400,32550,30900,31050,surface,3,3,chaos-hydra,5,5
Z120,32666,32631,32550,32700,32550,32700,under,8,10,swamp-troll,21,72
Z120,32666,32631,32550,32700,32550,32700,under,8,10,poison-spider,3,7
Z120,32666,32631,32550,32700,32550,32700,under,8,10,smuggler,2,5
Z120,32666,32631,32550,32700,32550,32700,under,8,10,bandit,1,2
Z120,32666,32631,32550,32700,32550,32700,under,8,10,bug,1,5
Z120,32666,32631,32550,32700,32550,32700,under,8,10,crab,1,1
Z120,32666,32631,32550,32700,32550,32700,under,8,10,skeleton,1,2
Z121,32807,32572,32700,32850,32550,32700,surface,5,6,kongra,12,23
Z121,32807,32572,32700,32850,32550,32700,surface,5,6,sibang,12,23
Z121,32807,32572,32700,32850,32550,32700,surface,5,6,merlkin,6,9
Z122,32817,31715,32700,32850,31650,31800,surface,4,6,dragon,17,17
Z122,32817,31715,32700,32850,31650,31800,surface,4,6,orc-spearman,5,11
Z122,32817,31715,32700,32850,31650,31800,surface,4,6,orc-warrior,4,9
Z122,32817,31715,32700,32850,31650,31800,surface,4,6,dragon-lord,1,1
Z122,32817,31715,32700,32850,31650,31800,surface,4,6,orc,1,1
Z122,32817,31715,32700,32850,31650,31800,surface,4,6,orc-shaman,1,1
Z122,32817,31715,32700,32850,31650,31800,surface,4,6,scorpion,1,1
Z123,33229,31717,33150,33300,31650,31800,ground,7,7,rabbit,7,17
Z123,33229,31717,33150,33300,31650,31800,ground,7,7,deer,6,26
Z123,33229,31717,33150,33300,31650,31800,ground,7,7,wolf,5,29
Z123,33229,31717,33150,33300,31650,31800,ground,7,7,bear,2,4
Z123,33229,31717,33150,33300,31650,31800,ground,7,7,blue-butterfly,2,2
Z123,33229,31717,33150,33300,31650,31800,ground,7,7,ghoul,2,5
Z123,33229,31717,33150,33300,31650,31800,ground,7,7,chicken,1,1
Z123,33229,31717,33150,33300,31650,31800,ground,7,7,cyclops,1,1
Z123,33229,31717,33150,33300,31650,31800,ground,7,7,hunter,1,3
Z123,33229,31717,33150,33300,31650,31800,ground,7,7,sheep,1,5
Z123,33229,31717,33150,33300,31650,31800,ground,7,7,skeleton,1,4
Z123,33229,31717,33150,33300,31650,31800,ground,7,7,snake,1,4
Z124,32131,32168,32100,32250,32100,32250,surface,5,6,snake,6,12
Z124,32131,32168,32100,32250,32100,32250,surface,5,6,spider,6,13
Z124,32131,32168,32100,32250,32100,32250,surface,5,6,wolf,6,13
Z124,32131,32168,32100,32250,32100,32250,surface,5,6,bug,3,7
Z124,32131,32168,32100,32250,32100,32250,surface,5,6,bear,2,2
Z124,32131,32168,32100,32250,32100,32250,surface,5,6,poison-spider,2,2
Z124,32131,32168,32100,32250,32100,32250,surface,5,6,minotaur,1,1
Z124,32131,32168,32100,32250,32100,32250,surface,5,6,orc,1,1
Z124,32131,32168,32100,32250,32100,32250,surface,5,6,troll,1,2
Z125,32438,30716,32400,32550,30600,30750,under,8,8,skulltrap,28,28
Z126,32204,32437,32100,32250,32400,32550,under,8,10,rotworm,13,35
Z126,32204,32437,32100,32250,32400,32550,under,8,10,beholder,3,7
Z126,32204,32437,32100,32250,32400,32550,under,8,10,orc,3,11
Z126,32204,32437,32100,32250,32400,32550,under,8,10,skeleton,2,11
Z126,32204,32437,32100,32250,32400,32550,under,8,10,demon-skeleton,1,2
Z126,32204,32437,32100,32250,32400,32550,under,8,10,dragon,1,3
Z126,32204,32437,32100,32250,32400,32550,under,8,10,dragon-lord,1,3
Z126,32204,32437,32100,32250,32400,32550,under,8,10,minotaur-archer,1,2
Z126,32204,32437,32100,32250,32400,32550,under,8,10,minotaur-mage,1,3
Z126,32204,32437,32100,32250,32400,32550,under,8,10,poison-spider,1,3
Z127,32315,31576,32250,32400,31500,31650,surface,1,6,ghoul,12,12
Z127,32315,31576,32250,32400,31500,31650,surface,1,6,amazon,5,8
Z127,32315,31576,32250,32400,31500,31650,surface,1,6,valkyrie,5,9
Z127,32315,31576,32250,32400,31500,31650,surface,1,6,coldcrawler,3,3
Z127,32315,31576,32250,32400,31500,31650,surface,1,6,fog-wanderer,1,1
Z127,32315,31576,32250,32400,31500,31650,surface,1,6,witch,1,1
Z128,33066,32471,33000,33150,32400,32550,ground,7,7,demon-skeleton,4,8
Z128,33066,32471,33000,33150,32400,32550,ground,7,7,skeleton,4,8
Z128,33066,32471,33000,33150,32400,32550,ground,7,7,lion,3,6
Z128,33066,32471,33000,33150,32400,32550,ground,7,7,scorpion,3,6
Z128,33066,32471,33000,33150,32400,32550,ground,7,7,stone-golem,3,5
Z128,33066,32471,33000,33150,32400,32550,ground,7,7,ghoul,2,5
Z128,33066,32471,33000,33150,32400,32550,ground,7,7,hyaena,2,5
Z128,33066,32471,33000,33150,32400,32550,ground,7,7,blue-djinn,1,1
Z128,33066,32471,33000,33150,32400,32550,ground,7,7,larva,1,3
Z128,33066,32471,33000,33150,32400,32550,ground,7,7,poison-spider,1,2
Z128,33066,32471,33000,33150,32400,32550,ground,7,7,snake,1,4
Z128,33066,32471,33000,33150,32400,32550,ground,7,7,stalker,1,4
Z128,33066,32471,33000,33150,32400,32550,ground,7,7,wasp,1,3
Z129,32036,32255,31950,32100,32250,32400,under,8,11,rat,13,13
Z129,32036,32255,31950,32100,32250,32400,under,8,11,cave-rat,4,4
Z129,32036,32255,31950,32100,32250,32400,under,8,11,snake,4,12
Z129,32036,32255,31950,32100,32250,32400,under,8,11,wolf,3,7
Z129,32036,32255,31950,32100,32250,32400,under,8,11,goblin,1,2
Z129,32036,32255,31950,32100,32250,32400,under,8,11,skeleton,1,1
Z130,32306,31413,32250,32400,31350,31500,ground,7,7,coldcrawler,11,11
Z130,32306,31413,32250,32400,31350,31500,ground,7,7,frozemoth,5,5
Z130,32306,31413,32250,32400,31350,31500,ground,7,7,spectre,4,4
Z130,32306,31413,32250,32400,31350,31500,ground,7,7,demon-skeleton,3,3
Z130,32306,31413,32250,32400,31350,31500,ground,7,7,cold-ambusher,2,2
Z130,32306,31413,32250,32400,31350,31500,ground,7,7,ghoul,1,1
Z131,32602,31321,32550,32700,31200,31350,under,8,11,sea-tyrant,24,24
Z131,32602,31321,32550,32700,31200,31350,under,8,11,jothun-elder,2,2
Z132,32489,31407,32400,32550,31350,31500,ground,7,7,cold-ambusher,7,7
Z132,32489,31407,32400,32550,31350,31500,ground,7,7,badger,6,9
Z132,32489,31407,32400,32550,31350,31500,ground,7,7,winter-wolf,6,12
Z132,32489,31407,32400,32550,31350,31500,ground,7,7,bug,3,5
Z132,32489,31407,32400,32550,31350,31500,ground,7,7,rabbit,3,6
Z133,32465,31185,32400,32550,31050,31200,surface,5,6,lich,12,12
Z133,32465,31185,32400,32550,31050,31200,surface,5,6,vampire,8,8
Z133,32465,31185,32400,32550,31050,31200,surface,5,6,bat,4,7
Z134,32608,31307,32550,32700,31200,31350,ground,7,7,jothun,12,12
Z134,32608,31307,32550,32700,31200,31350,ground,7,7,bug,3,6
Z134,32608,31307,32550,32700,31200,31350,ground,7,7,badger,2,3
Z134,32608,31307,32550,32700,31200,31350,ground,7,7,polar-bear,2,2
Z134,32608,31307,32550,32700,31200,31350,ground,7,7,winter-wolf,2,3
Z134,32608,31307,32550,32700,31200,31350,ground,7,7,jothun-elder,1,1
Z134,32608,31307,32550,32700,31200,31350,ground,7,7,pig,1,3
Z134,32608,31307,32550,32700,31200,31350,ground,7,7,rabbit,1,1
Z135,32611,31429,32550,32700,31350,31500,ground,7,7,ice-goblin,7,7
Z135,32611,31429,32550,32700,31350,31500,ground,7,7,winter-wolf,6,13
Z135,32611,31429,32550,32700,31350,31500,ground,7,7,badger,5,7
Z135,32611,31429,32550,32700,31350,31500,ground,7,7,bug,5,9
Z135,32611,31429,32550,32700,31350,31500,ground,7,7,polar-bear,1,1
Z136,32908,32186,32850,33000,32100,32250,ground,7,7,snake,12,38
Z136,32908,32186,32850,33000,32100,32250,ground,7,7,rabbit,4,10
Z136,32908,32186,32850,33000,32100,32250,ground,7,7,blue-butterfly,2,2
Z136,32908,32186,32850,33000,32100,32250,ground,7,7,bear,1,3
Z136,32908,32186,32850,33000,32100,32250,ground,7,7,bug,1,7
Z136,32908,32186,32850,33000,32100,32250,ground,7,7,rat,1,1
Z136,32908,32186,32850,33000,32100,32250,ground,7,7,scorpion,1,4
Z136,32908,32186,32850,33000,32100,32250,ground,7,7,swamp-troll,1,4
Z137,32156,32170,32100,32250,32100,32250,ground,7,7,snake,5,11
Z137,32156,32170,32100,32250,32100,32250,ground,7,7,deer,4,11
Z137,32156,32170,32100,32250,32100,32250,ground,7,7,wolf,4,11
Z137,32156,32170,32100,32250,32100,32250,ground,7,7,spider,3,11
Z137,32156,32170,32100,32250,32100,32250,ground,7,7,bug,2,6
Z137,32156,32170,32100,32250,32100,32250,ground,7,7,rabbit,2,6
Z137,32156,32170,32100,32250,32100,32250,ground,7,7,cave-rat,1,4
Z137,32156,32170,32100,32250,32100,32250,ground,7,7,poison-spider,1,2
Z138,32627,31875,32550,32700,31800,31950,ground,7,7,deer,4,15
Z138,32627,31875,32550,32700,31800,31950,ground,7,7,rabbit,3,7
Z138,32627,31875,32550,32700,31800,31950,ground,7,7,bear,2,2
Z138,32627,31875,32550,32700,31800,31950,ground,7,7,goblin,2,7
Z138,32627,31875,32550,32700,31800,31950,ground,7,7,snake,2,5
Z138,32627,31875,32550,32700,31800,31950,ground,7,7,spider,2,5
Z138,32627,31875,32550,32700,31800,31950,ground,7,7,troll,2,6
Z138,32627,31875,32550,32700,31800,31950,ground,7,7,dragon,1,1
Z138,32627,31875,32550,32700,31800,31950,ground,7,7,poison-spider,1,4
Z138,32627,31875,32550,32700,31800,31950,ground,7,7,rotworm,1,2
Z138,32627,31875,32550,32700,31800,31950,ground,7,7,wasp,1,1
Z138,32627,31875,32550,32700,31800,31950,ground,7,7,wolf,1,7
Z139,32729,31444,32700,32850,31350,31500,under,8,10,sea-tyrant,22,24
Z140,32141,32339,32100,32250,32250,32400,under,8,10,rotworm,16,66
Z140,32141,32339,32100,32250,32250,32400,under,8,10,rat,3,6
Z140,32141,32339,32100,32250,32250,32400,under,8,10,cyclops,1,2
Z140,32141,32339,32100,32250,32250,32400,under,8,10,demon-skeleton,1,3
Z141,32586,31871,32550,32700,31800,31950,surface,1,6,goblin,5,16
Z141,32586,31871,32550,32700,31800,31950,surface,1,6,dwarf-guard,3,10
Z141,32586,31871,32550,32700,31800,31950,surface,1,6,dwarf,2,13
Z141,32586,31871,32550,32700,31800,31950,surface,1,6,dwarf-soldier,2,4
Z141,32586,31871,32550,32700,31800,31950,surface,1,6,spider,2,6
Z141,32586,31871,32550,32700,31800,31950,surface,1,6,bear,1,3
Z141,32586,31871,32550,32700,31800,31950,surface,1,6,beholder,1,1
Z141,32586,31871,32550,32700,31800,31950,surface,1,6,black-sheep,1,1
Z141,32586,31871,32550,32700,31800,31950,surface,1,6,hunter,1,1
Z141,32586,31871,32550,32700,31800,31950,surface,1,6,rabbit,1,4
Z141,32586,31871,32550,32700,31800,31950,surface,1,6,sheep,1,6
Z141,32586,31871,32550,32700,31800,31950,surface,1,6,skeleton,1,2
Z142,32641,32011,32550,32700,31950,32100,ground,7,7,wolf,7,38
Z142,32641,32011,32550,32700,31950,32100,ground,7,7,snake,4,14
Z142,32641,32011,32550,32700,31950,32100,ground,7,7,troll,3,12
Z142,32641,32011,32550,32700,31950,32100,ground,7,7,lion,2,7
Z142,32641,32011,32550,32700,31950,32100,ground,7,7,rabbit,2,5
Z142,32641,32011,32550,32700,31950,32100,ground,7,7,wasp,2,2
Z142,32641,32011,32550,32700,31950,32100,ground,7,7,spider,1,2
Z143,32666,32778,32550,32700,32700,32850,under,8,12,cave-rat,6,21
Z143,32666,32778,32550,32700,32700,32850,under,8,12,dworc-venomsniper,4,9
Z143,32666,32778,32550,32700,32700,32850,under,8,12,dworc-fleshhunter,3,14
Z143,32666,32778,32550,32700,32700,32850,under,8,12,bug,2,9
Z143,32666,32778,32550,32700,32700,32850,under,8,12,dworc-voodoomaster,2,4
Z143,32666,32778,32550,32700,32700,32850,under,8,12,poison-spider,1,4
Z143,32666,32778,32550,32700,32700,32850,under,8,12,spider,1,4
Z143,32666,32778,32550,32700,32700,32850,under,8,12,swamp-troll,1,2
Z143,32666,32778,32550,32700,32700,32850,under,8,12,tarantula,1,4
Z144,32798,31594,32700,32850,31500,31650,ground,7,7,skeleton,8,17
Z144,32798,31594,32700,32850,31500,31650,ground,7,7,scorpion,6,18
Z144,32798,31594,32700,32850,31500,31650,ground,7,7,rotworm,4,10
Z144,32798,31594,32700,32850,31500,31650,ground,7,7,dragon,2,2
Z144,32798,31594,32700,32850,31500,31650,ground,7,7,blue-butterfly,1,1
Z145,32464,32191,32400,32550,32100,32250,ground,7,7,wolf,6,30
Z145,32464,32191,32400,32550,32100,32250,ground,7,7,snake,4,22
Z145,32464,32191,32400,32550,32100,32250,ground,7,7,poison-spider,2,7
Z145,32464,32191,32400,32550,32100,32250,ground,7,7,troll,2,7
Z145,32464,32191,32400,32550,32100,32250,ground,7,7,chicken,1,3
Z145,32464,32191,32400,32550,32100,32250,ground,7,7,dog,1,1
Z145,32464,32191,32400,32550,32100,32250,ground,7,7,orc,1,2
Z145,32464,32191,32400,32550,32100,32250,ground,7,7,rat,1,2
Z145,32464,32191,32400,32550,32100,32250,ground,7,7,sheep,1,4
Z145,32464,32191,32400,32550,32100,32250,ground,7,7,wasp,1,2
Z146,33030,32756,33000,33150,32700,32850,surface,1,6,hyaena,6,16
Z146,33030,32756,33000,33150,32700,32850,surface,1,6,dragon,5,6
Z146,33030,32756,33000,33150,32700,32850,surface,1,6,bat,3,10
Z146,33030,32756,33000,33150,32700,32850,surface,1,6,lizard-templar,2,3
Z146,33030,32756,33000,33150,32700,32850,surface,1,6,bandit,1,3
Z146,33030,32756,33000,33150,32700,32850,surface,1,6,cobra,1,3
Z146,33030,32756,33000,33150,32700,32850,surface,1,6,lizard-sentinel,1,1
Z146,33030,32756,33000,33150,32700,32850,surface,1,6,scorpion,1,2
Z147,32346,32354,32250,32400,32250,32400,under,8,12,bear,3,6
Z147,32346,32354,32250,32400,32250,32400,under,8,12,cave-rat,3,10
Z147,32346,32354,32250,32400,32250,32400,under,8,12,rat,3,10
Z147,32346,32354,32250,32400,32250,32400,under,8,12,bug,1,2
Z147,32346,32354,32250,32400,32250,32400,under,8,12,demon-skeleton,1,1
Z147,32346,32354,32250,32400,32250,32400,under,8,12,dragon,1,2
Z147,32346,32354,32250,32400,32250,32400,under,8,12,ghoul,1,2
Z147,32346,32354,32250,32400,32250,32400,under,8,12,minotaur-archer,1,2
Z147,32346,32354,32250,32400,32250,32400,under,8,12,minotaur-guard,1,2
Z147,32346,32354,32250,32400,32250,32400,under,8,12,poison-spider,1,3
Z147,32346,32354,32250,32400,32250,32400,under,8,12,skeleton,1,3
Z147,32346,32354,32250,32400,32250,32400,under,8,12,slime,1,2
Z147,32346,32354,32250,32400,32250,32400,under,8,12,snake,1,2
Z148,32805,31747,32700,32850,31650,31800,ground,7,7,deer,3,10
Z148,32805,31747,32700,32850,31650,31800,ground,7,7,orc-spearman,2,5
Z148,32805,31747,32700,32850,31650,31800,ground,7,7,orc-warrior,2,5
Z148,32805,31747,32700,32850,31650,31800,ground,7,7,wolf,2,9
Z148,32805,31747,32700,32850,31650,31800,ground,7,7,dragon,1,1
Z148,32805,31747,32700,32850,31650,31800,ground,7,7,dragon-lord,1,1
Z148,32805,31747,32700,32850,31650,31800,ground,7,7,fire-devil,1,1
Z148,32805,31747,32700,32850,31650,31800,ground,7,7,orc,1,3
Z148,32805,31747,32700,32850,31650,31800,ground,7,7,orc-berserker,1,2
Z148,32805,31747,32700,32850,31650,31800,ground,7,7,orc-leader,1,1
Z148,32805,31747,32700,32850,31650,31800,ground,7,7,orc-shaman,1,1
Z148,32805,31747,32700,32850,31650,31800,ground,7,7,rabbit,1,3
Z148,32805,31747,32700,32850,31650,31800,ground,7,7,snake,1,3
Z148,32805,31747,32700,32850,31650,31800,ground,7,7,war-wolf,1,3
Z149,33215,32345,33150,33300,32250,32400,surface,4,6,wasp,14,29
Z149,33215,32345,33150,33300,32250,32400,surface,4,6,dragon,2,3
Z149,33215,32345,33150,33300,32250,32400,surface,4,6,lion,2,5
Z149,33215,32345,33150,33300,32250,32400,surface,4,6,dragon-lord,1,2
Z150,32317,31460,32250,32400,31350,31500,surface,5,6,ghoul,10,10
Z150,32317,31460,32250,32400,31350,31500,surface,5,6,frozemoth,4,4
Z150,32317,31460,32250,32400,31350,31500,surface,5,6,coldcrawler,3,3
Z150,32317,31460,32250,32400,31350,31500,surface,5,6,fog-wanderer,1,1
Z151,32589,31739,32550,32700,31650,31800,surface,4,6,goblin,7,16
Z151,32589,31739,32550,32700,31650,31800,surface,4,6,elf,2,3
Z151,32589,31739,32550,32700,31650,31800,surface,4,6,orc-warrior,2,3
Z151,32589,31739,32550,32700,31650,31800,surface,4,6,bear,1,2
Z151,32589,31739,32550,32700,31650,31800,surface,4,6,cyclops,1,2
Z151,32589,31739,32550,32700,31650,31800,surface,4,6,demon-skeleton,1,1
Z151,32589,31739,32550,32700,31650,31800,surface,4,6,minotaur,1,2
Z151,32589,31739,32550,32700,31650,31800,surface,4,6,minotaur-archer,1,1
Z151,32589,31739,32550,32700,31650,31800,surface,4,6,pig,1,2
Z151,32589,31739,32550,32700,31650,31800,surface,4,6,poison-spider,1,1
Z152,32606,31721,32550,32700,31650,31800,ground,7,7,blue-butterfly,2,2
Z152,32606,31721,32550,32700,31650,31800,ground,7,7,goblin,2,7
Z152,32606,31721,32550,32700,31650,31800,ground,7,7,bear,1,1
Z152,32606,31721,32550,32700,31650,31800,ground,7,7,bug,1,10
Z152,32606,31721,32550,32700,31650,31800,ground,7,7,deer,1,4
Z152,32606,31721,32550,32700,31650,31800,ground,7,7,elf,1,1
Z152,32606,31721,32550,32700,31650,31800,ground,7,7,minotaur,1,1
Z152,32606,31721,32550,32700,31650,31800,ground,7,7,orc,1,5
Z152,32606,31721,32550,32700,31650,31800,ground,7,7,orc-spearman,1,3
Z152,32606,31721,32550,32700,31650,31800,ground,7,7,orc-warrior,1,2
Z152,32606,31721,32550,32700,31650,31800,ground,7,7,pig,1,1
Z152,32606,31721,32550,32700,31650,31800,ground,7,7,rotworm,1,1
Z152,32606,31721,32550,32700,31650,31800,ground,7,7,skeleton,1,2
Z152,32606,31721,32550,32700,31650,31800,ground,7,7,snake,1,3
Z152,32606,31721,32550,32700,31650,31800,ground,7,7,wasp,1,2
Z152,32606,31721,32550,32700,31650,31800,ground,7,7,wolf,1,4
Z153,32293,32143,32250,32400,32100,32250,ground,7,7,snake,7,21
Z153,32293,32143,32250,32400,32100,32250,ground,7,7,rabbit,2,5
Z153,32293,32143,32250,32400,32100,32250,ground,7,7,bear,1,3
Z153,32293,32143,32250,32400,32100,32250,ground,7,7,blue-butterfly,1,1
Z153,32293,32143,32250,32400,32100,32250,ground,7,7,deer,1,5
Z153,32293,32143,32250,32400,32100,32250,ground,7,7,dog,1,1
Z153,32293,32143,32250,32400,32100,32250,ground,7,7,poison-spider,1,3
Z153,32293,32143,32250,32400,32100,32250,ground,7,7,valkyrie,1,1
Z153,32293,32143,32250,32400,32100,32250,ground,7,7,wild-warrior,1,1
Z153,32293,32143,32250,32400,32100,32250,ground,7,7,wolf,1,8
Z154,32401,30962,32400,32550,30900,31050,under,8,9,fleshcursed-skeleton,13,13
Z154,32401,30962,32400,32550,30900,31050,under,8,9,bonereaper,4,4
Z155,32460,31186,32400,32550,31050,31200,ground,7,7,vampire,7,7
Z155,32460,31186,32400,32550,31050,31200,ground,7,7,lich,5,5
Z155,32460,31186,32400,32550,31050,31200,ground,7,7,bat,4,8
Z155,32460,31186,32400,32550,31050,31200,ground,7,7,rabbit,1,2
Z156,32627,32171,32550,32700,32100,32250,ground,7,7,lion,3,12
Z156,32627,32171,32550,32700,32100,32250,ground,7,7,skeleton,2,4
Z156,32627,32171,32550,32700,32100,32250,ground,7,7,snake,2,3
Z156,32627,32171,32550,32700,32100,32250,ground,7,7,wild-warrior,2,6
Z156,32627,32171,32550,32700,32100,32250,ground,7,7,bear,1,2
Z156,32627,32171,32550,32700,32100,32250,ground,7,7,blue-butterfly,1,1
Z156,32627,32171,32550,32700,32100,32250,ground,7,7,bug,1,7
Z156,32627,32171,32550,32700,32100,32250,ground,7,7,minotaur-archer,1,1
Z156,32627,32171,32550,32700,32100,32250,ground,7,7,orc-warrior,1,2
Z156,32627,32171,32550,32700,32100,32250,ground,7,7,rabbit,1,3
Z156,32627,32171,32550,32700,32100,32250,ground,7,7,scorpion,1,5
Z156,32627,32171,32550,32700,32100,32250,ground,7,7,wolf,1,4
Z157,32882,32003,32850,33000,31950,32100,under,8,12,beholder,4,4
Z157,32882,32003,32850,33000,31950,32100,under,8,12,bug,4,11
Z157,32882,32003,32850,33000,31950,32100,under,8,12,cave-rat,2,4
Z157,32882,32003,32850,33000,31950,32100,under,8,12,rotworm,2,4
Z157,32882,32003,32850,33000,31950,32100,under,8,12,skeleton,2,4
Z157,32882,32003,32850,33000,31950,32100,under,8,12,black-knight,1,1
Z157,32882,32003,32850,33000,31950,32100,under,8,12,scorpion,1,3
Z157,32882,32003,32850,33000,31950,32100,under,8,12,swamp-troll,1,1
Z158,33057,32049,33000,33150,31950,32100,ground,7,7,snake,11,32
Z158,33057,32049,33000,33150,31950,32100,ground,7,7,rabbit,3,7
Z158,33057,32049,33000,33150,31950,32100,ground,7,7,blue-butterfly,1,2
Z158,33057,32049,33000,33150,31950,32100,ground,7,7,orc,1,2
Z158,33057,32049,33000,33150,31950,32100,ground,7,7,orc-spearman,1,1
Z159,33207,31863,33150,33300,31800,31950,ground,7,7,rabbit,4,11
Z159,33207,31863,33150,33300,31800,31950,ground,7,7,deer,3,10
Z159,33207,31863,33150,33300,31800,31950,ground,7,7,orc-spearman,3,8
Z159,33207,31863,33150,33300,31800,31950,ground,7,7,orc-warrior,2,5
Z159,33207,31863,33150,33300,31800,31950,ground,7,7,poison-spider,2,10
Z159,33207,31863,33150,33300,31800,31950,ground,7,7,dog,1,1
Z159,33207,31863,33150,33300,31800,31950,ground,7,7,orc,1,4
Z159,33207,31863,33150,33300,31800,31950,ground,7,7,spider,1,4
Z160,32065,32074,31950,32100,31950,32100,under,8,11,poison-spider,7,13
Z160,32065,32074,31950,32100,31950,32100,under,8,11,skeleton,3,5
Z160,32065,32074,31950,32100,31950,32100,under,8,11,troll,3,6
Z160,32065,32074,31950,32100,31950,32100,under,8,11,spider,2,6
Z160,32065,32074,31950,32100,31950,32100,under,8,11,orc,1,1
Z161,32489,31410,32400,32550,31350,31500,under,8,9,ice-goblin,9,9
Z161,32489,31410,32400,32550,31350,31500,under,8,9,frozemoth,5,5
Z161,32489,31410,32400,32550,31350,31500,under,8,9,polar-bear,1,1
Z161,32489,31410,32400,32550,31350,31500,under,8,9,rabbit,1,3
Z162,32595,31598,32550,32700,31500,31650,surface,3,6,ice-goblin,5,5
Z162,32595,31598,32550,32700,31500,31650,surface,3,6,orc-warrior,2,4
Z162,32595,31598,32550,32700,31500,31650,surface,3,6,demon-skeleton,1,2
Z162,32595,31598,32550,32700,31500,31650,surface,3,6,dragon,1,1
Z162,32595,31598,32550,32700,31500,31650,surface,3,6,elf,1,3
Z162,32595,31598,32550,32700,31500,31650,surface,3,6,elf-arcanist,1,1
Z162,32595,31598,32550,32700,31500,31650,surface,3,6,hunter,1,1
Z162,32595,31598,32550,32700,31500,31650,surface,3,6,minotaur,1,2
Z162,32595,31598,32550,32700,31500,31650,surface,3,6,minotaur-mage,1,1
Z162,32595,31598,32550,32700,31500,31650,surface,3,6,orc-berserker,1,1
Z162,32595,31598,32550,32700,31500,31650,surface,3,6,orc-shaman,1,1
Z163,32979,32874,32850,33000,32850,33000,under,8,12,larva,3,6
Z163,32979,32874,32850,33000,32850,33000,under,8,12,mummy,3,5
Z163,32979,32874,32850,33000,32850,33000,under,8,12,crypt-shambler,2,5
Z163,32979,32874,32850,33000,32850,33000,under,8,12,ghoul,2,3
Z163,32979,32874,32850,33000,32850,33000,under,8,12,lion,1,1
Z163,32979,32874,32850,33000,32850,33000,under,8,12,lizard-sentinel,1,4
Z163,32979,32874,32850,33000,32850,33000,under,8,12,lizard-templar,1,3
Z163,32979,32874,32850,33000,32850,33000,under,8,12,skeleton,1,4
Z163,32979,32874,32850,33000,32850,33000,under,8,12,slime,1,2
Z163,32979,32874,32850,33000,32850,33000,under,8,12,snake,1,4
Z164,33333,32868,33300,33450,32850,33000,under,12,15,plaguethrower,4,4
Z164,33333,32868,33300,33450,32850,33000,under,12,15,mummy,3,9
Z164,33333,32868,33300,33450,32850,33000,under,12,15,demon-skeleton,2,5
Z164,33333,32868,33300,33450,32850,33000,under,12,15,fire-elemental,2,5
Z164,33333,32868,33300,33450,32850,33000,under,12,15,dragon,1,1
Z164,33333,32868,33300,33450,32850,33000,under,12,15,fire-devil,1,1
Z164,33333,32868,33300,33450,32850,33000,under,12,15,green-djinn,1,1
Z164,33333,32868,33300,33450,32850,33000,under,12,15,larva,1,5
Z164,33333,32868,33300,33450,32850,33000,under,12,15,scarab,1,2
Z165,32308,32471,32250,32400,32400,32550,surface,6,6,minotaur,7,14
Z165,32308,32471,32250,32400,32400,32550,surface,6,6,minotaur-archer,3,5
Z165,32308,32471,32250,32400,32400,32550,surface,6,6,minotaur-guard,3,5
Z165,32308,32471,32250,32400,32400,32550,surface,6,6,minotaur-mage,1,2
Z165,32308,32471,32250,32400,32400,32550,surface,6,6,pig,1,3
Z166,32513,31890,32400,32550,31800,31950,ground,7,7,snake,3,9
Z166,32513,31890,32400,32550,31800,31950,ground,7,7,bear,2,6
Z166,32513,31890,32400,32550,31800,31950,ground,7,7,poison-spider,2,6
Z166,32513,31890,32400,32550,31800,31950,ground,7,7,rabbit,2,6
Z166,32513,31890,32400,32550,31800,31950,ground,7,7,blue-butterfly,1,1
Z166,32513,31890,32400,32550,31800,31950,ground,7,7,deer,1,3
Z166,32513,31890,32400,32550,31800,31950,ground,7,7,dwarf,1,2
Z166,32513,31890,32400,32550,31800,31950,ground,7,7,goblin,1,5
Z166,32513,31890,32400,32550,31800,31950,ground,7,7,wild-warrior,1,3
Z166,32513,31890,32400,32550,31800,31950,ground,7,7,wolf,1,5
Z167,32608,31610,32550,32700,31500,31650,ground,7,7,ice-goblin,3,3
Z167,32608,31610,32550,32700,31500,31650,ground,7,7,minotaur,3,7
Z167,32608,31610,32550,32700,31500,31650,ground,7,7,snake,3,10
Z167,32608,31610,32550,32700,31500,31650,ground,7,7,blue-butterfly,1,1
Z167,32608,31610,32550,32700,31500,31650,ground,7,7,elf,1,3
Z167,32608,31610,32550,32700,31500,31650,ground,7,7,minotaur-guard,1,1
Z167,32608,31610,32550,32700,31500,31650,ground,7,7,orc-berserker,1,1
Z167,32608,31610,32550,32700,31500,31650,ground,7,7,orc-spearman,1,2
Z167,32608,31610,32550,32700,31500,31650,ground,7,7,orc-warrior,1,1
Z168,32737,32873,32700,32850,32850,33000,surface,4,6,tarantula,9,9
Z168,32737,32873,32700,32850,32850,33000,surface,4,6,giant-spider,6,6
Z169,32905,31846,32850,33000,31800,31950,ground,7,7,amazon,4,8
Z169,32905,31846,32850,33000,31800,31950,ground,7,7,orc-warrior,3,7
Z169,32905,31846,32850,33000,31800,31950,ground,7,7,deer,2,6
Z169,32905,31846,32850,33000,31800,31950,ground,7,7,orc-berserker,2,3
Z169,32905,31846,32850,33000,31800,31950,ground,7,7,wolf,2,7
Z169,32905,31846,32850,33000,31800,31950,ground,7,7,rabbit,1,3
Z169,32905,31846,32850,33000,31800,31950,ground,7,7,snake,1,4
Z170,32208,31845,32100,32250,31800,31950,ground,7,7,cave-rat,4,12
Z170,32208,31845,32100,32250,31800,31950,ground,7,7,poison-spider,4,11
Z170,32208,31845,32100,32250,31800,31950,ground,7,7,rat,3,7
Z170,32208,31845,32100,32250,31800,31950,ground,7,7,dog,1,1
Z170,32208,31845,32100,32250,31800,31950,ground,7,7,pig,1,2
Z170,32208,31845,32100,32250,31800,31950,ground,7,7,slime,1,1
Z171,32458,31183,32400,32550,31050,31200,under,8,11,bat,3,10
Z171,32458,31183,32400,32550,31050,31200,under,8,11,demon-skeleton,3,3
Z171,32458,31183,32400,32550,31050,31200,under,8,11,vampire,3,3
Z171,32458,31183,32400,32550,31050,31200,under,8,11,crypt-shambler,2,2
Z171,32458,31183,32400,32550,31050,31200,under,8,11,giant-skeleton,2,2
Z171,32458,31183,32400,32550,31050,31200,under,8,11,shadow-drake,1,1
Z172,33060,32619,33000,33150,32550,32700,ground,7,7,dragon,3,6
Z172,33060,32619,33000,33150,32550,32700,ground,7,7,giant-cobra,3,3
Z172,33060,32619,33000,33150,32550,32700,ground,7,7,deer,2,7
Z172,33060,32619,33000,33150,32550,32700,ground,7,7,dragon-lord,2,3
Z172,33060,32619,33000,33150,32550,32700,ground,7,7,flamingo,1,4
Z172,33060,32619,33000,33150,32550,32700,ground,7,7,green-djinn,1,3
Z172,33060,32619,33000,33150,32550,32700,ground,7,7,hyaena,1,6
Z172,33060,32619,33000,33150,32550,32700,ground,7,7,scorpion,1,4
Z173,32012,32821,31950,32100,32700,32850,ground,7,7,rat,13,13
Z174,32454,31611,32400,32550,31500,31650,ground,7,7,amazon,2,6
Z174,32454,31611,32400,32550,31500,31650,ground,7,7,spider,2,8
Z174,32454,31611,32400,32550,31500,31650,ground,7,7,wolf,2,9
Z174,32454,31611,32400,32550,31500,31650,ground,7,7,bear,1,1
Z174,32454,31611,32400,32550,31500,31650,ground,7,7,chicken,1,1
Z174,32454,31611,32400,32550,31500,31650,ground,7,7,deer,1,4
Z174,32454,31611,32400,32550,31500,31650,ground,7,7,rabbit,1,3
Z174,32454,31611,32400,32550,31500,31650,ground,7,7,snake,1,4
Z174,32454,31611,32400,32550,31500,31650,ground,7,7,valkyrie,1,2
Z174,32454,31611,32400,32550,31500,31650,ground,7,7,winter-wolf,1,1
Z175,32210,31176,32100,32250,31050,31200,surface,5,6,frost-dragon,12,12
Z176,32434,32321,32400,32550,32250,32400,ground,7,7,cyclops,3,3
Z176,32434,32321,32400,32550,32250,32400,ground,7,7,rabbit,3,10
Z176,32434,32321,32400,32550,32250,32400,ground,7,7,deer,2,7
Z176,32434,32321,32400,32550,32250,32400,ground,7,7,spider,1,8
Z176,32434,32321,32400,32550,32250,32400,ground,7,7,troll,1,3
Z176,32434,32321,32400,32550,32250,32400,ground,7,7,wasp,1,2
Z176,32434,32321,32400,32550,32250,32400,ground,7,7,wolf,1,3
Z177,32977,32770,32850,33000,32700,32850,under,8,14,beholder,2,4
Z177,32977,32770,32850,33000,32700,32850,under,8,14,demon-skeleton,1,3
Z177,32977,32770,32850,33000,32700,32850,under,8,14,green-djinn,1,3
Z177,32977,32770,32850,33000,32700,32850,under,8,14,hydra,1,1
Z177,32977,32770,32850,33000,32700,32850,under,8,14,larva,1,1
Z177,32977,32770,32850,33000,32700,32850,under,8,14,lich,1,2
Z177,32977,32770,32850,33000,32700,32850,under,8,14,lizard-sentinel,1,2
Z177,32977,32770,32850,33000,32700,32850,under,8,14,lizard-snakecharmer,1,3
Z177,32977,32770,32850,33000,32700,32850,under,8,14,lizard-templar,1,2
Z177,32977,32770,32850,33000,32700,32850,under,8,14,necromancer,1,3
Z177,32977,32770,32850,33000,32700,32850,under,8,14,skeleton,1,1
Z178,33127,31848,33000,33150,31800,31950,ground,7,7,goblin,2,5
Z178,33127,31848,33000,33150,31800,31950,ground,7,7,orc,2,4
Z178,33127,31848,33000,33150,31800,31950,ground,7,7,poison-spider,2,6
Z178,33127,31848,33000,33150,31800,31950,ground,7,7,blue-butterfly,1,2
Z178,33127,31848,33000,33150,31800,31950,ground,7,7,bug,1,4
Z178,33127,31848,33000,33150,31800,31950,ground,7,7,deer,1,4
Z178,33127,31848,33000,33150,31800,31950,ground,7,7,orc-warrior,1,1
Z178,33127,31848,33000,33150,31800,31950,ground,7,7,snake,1,4
Z178,33127,31848,33000,33150,31800,31950,ground,7,7,wolf,1,4
Z179,33197,33003,33150,33300,33000,33150,under,14,14,magicthrower,6,6
Z179,33197,33003,33150,33300,33000,33150,under,14,14,shredderthrower,4,4
Z179,33197,33003,33150,33300,33000,33150,under,14,14,stalker,1,3
Z179,33197,33003,33150,33300,33000,33150,under,14,14,vampire,1,3
Z180,33318,31601,33300,33450,31500,31650,under,11,15,banshee,4,8
Z180,33318,31601,33300,33450,31500,31650,under,11,15,demon,4,6
Z180,33318,31601,33300,33450,31500,31650,under,11,15,fire-elemental,2,4
Z180,33318,31601,33300,33450,31500,31650,under,11,15,behemoth,1,4
Z180,33318,31601,33300,33450,31500,31650,under,11,15,cyclops,1,2
Z181,32573,32129,32550,32700,32100,32250,surface,3,6,ghoul,3,6
Z181,32573,32129,32550,32700,32100,32250,surface,3,6,demon-skeleton,2,5
Z181,32573,32129,32550,32700,32100,32250,surface,3,6,dwarf-geomancer,1,1
Z181,32573,32129,32550,32700,32100,32250,surface,3,6,monk,1,1
Z181,32573,32129,32550,32700,32100,32250,surface,3,6,stalker,1,2
Z181,32573,32129,32550,32700,32100,32250,surface,3,6,troll,1,2
Z181,32573,32129,32550,32700,32100,32250,surface,3,6,wild-warrior,1,2
Z181,32573,32129,32550,32700,32100,32250,surface,3,6,witch,1,1
Z182,32798,32159,32700,32850,32100,32250,surface,4,6,dragon,7,11
Z182,32798,32159,32700,32850,32100,32250,surface,4,6,dragon-lord,1,1
Z182,32798,32159,32700,32850,32100,32250,surface,4,6,giant-spider,1,1
Z182,32798,32159,32700,32850,32100,32250,surface,4,6,poison-spider,1,5
Z182,32798,32159,32700,32850,32100,32250,surface,4,6,scorpion,1,2
Z183,33213,32220,33150,33300,32100,32250,surface,4,6,dragon,9,12
Z183,33213,32220,33150,33300,32100,32250,surface,4,6,dragon-lord,2,2
Z184,33321,32535,33300,33450,32400,32550,under,12,13,ghoul,4,11
Z184,33321,32535,33300,33450,32400,32550,under,12,13,mummy,3,4
Z184,33321,32535,33300,33450,32400,32550,under,12,13,cave-rat,1,3
Z184,33321,32535,33300,33450,32400,32550,under,12,13,cobra,1,2
Z184,33321,32535,33300,33450,32400,32550,under,12,13,ghost,1,1
Z184,33321,32535,33300,33450,32400,32550,under,12,13,scorpion,1,2
Z185,31841,31276,31800,31950,31200,31350,ground,7,7,crypt-shambler,3,3
Z185,31841,31276,31800,31950,31200,31350,ground,7,7,bat,2,9
Z185,31841,31276,31800,31950,31200,31350,ground,7,7,winter-guardian,2,2
Z185,31841,31276,31800,31950,31200,31350,ground,7,7,forsaken-knight,1,1
Z185,31841,31276,31800,31950,31200,31350,ground,7,7,hero,1,1
Z185,31841,31276,31800,31950,31200,31350,ground,7,7,wight,1,1
Z186,31945,32192,31800,31950,32100,32250,under,8,12,poison-spider,4,6
Z186,31945,32192,31800,31950,32100,32250,under,8,12,troll,4,8
Z186,31945,32192,31800,31950,32100,32250,under,8,12,bug,1,3
Z186,31945,32192,31800,31950,32100,32250,under,8,12,spider,1,3
Z187,31990,32892,31950,32100,32850,33000,ground,7,7,rat,10,10
Z188,32069,31389,31950,32100,31350,31500,under,11,13,abomination,10,10
Z189,32184,31913,32100,32250,31800,31950,surface,2,6,monk,8,9
Z189,32184,31913,32100,32250,31800,31950,surface,2,6,poison-spider,1,2
Z189,32184,31913,32100,32250,31800,31950,surface,2,6,rabbit,1,1
Z190,32304,31530,32250,32400,31500,31650,ground,7,7,coldcrawler,9,9
Z190,32304,31530,32250,32400,31500,31650,ground,7,7,amazon,1,2
Z191,32338,31705,32250,32400,31650,31800,ground,7,7,rabbit,2,9
Z191,32338,31705,32250,32400,31650,31800,ground,7,7,amazon,1,3
Z191,32338,31705,32250,32400,31650,31800,ground,7,7,bear,1,2
Z191,32338,31705,32250,32400,31650,31800,ground,7,7,blue-butterfly,1,1
Z191,32338,31705,32250,32400,31650,31800,ground,7,7,bug,1,1
Z191,32338,31705,32250,32400,31650,31800,ground,7,7,deer,1,3
Z191,32338,31705,32250,32400,31650,31800,ground,7,7,pig,1,2
Z191,32338,31705,32250,32400,31650,31800,ground,7,7,wasp,1,3
Z191,32338,31705,32250,32400,31650,31800,ground,7,7,wolf,1,8
Z192,32465,31736,32400,32550,31650,31800,ground,7,7,amazon,3,9
Z192,32465,31736,32400,32550,31650,31800,ground,7,7,deer,3,11
Z192,32465,31736,32400,32550,31650,31800,ground,7,7,goblin,2,5
Z192,32465,31736,32400,32550,31650,31800,ground,7,7,rabbit,1,2
Z192,32465,31736,32400,32550,31650,31800,ground,7,7,valkyrie,1,1
Z193,32492,31775,32400,32550,31650,31800,surface,4,6,valkyrie,5,7
Z193,32492,31775,32400,32550,31650,31800,surface,4,6,amazon,3,6
Z193,32492,31775,32400,32550,31650,31800,surface,4,6,bug,1,2
Z193,32492,31775,32400,32550,31650,31800,surface,4,6,rabbit,1,3
Z194,32656,32344,32550,32700,32250,32400,surface,4,6,poison-spider,4,10
Z194,32656,32344,32550,32700,32250,32400,surface,4,6,tarantula,2,4
Z194,32656,32344,32550,32700,32250,32400,surface,4,6,centipede,1,2
Z194,32656,32344,32550,32700,32250,32400,surface,4,6,skeleton,1,3
Z194,32656,32344,32550,32700,32250,32400,surface,4,6,smuggler,1,2
Z194,32656,32344,32550,32700,32250,32400,surface,4,6,wild-warrior,1,2
Z195,32880,31918,32850,33000,31800,31950,under,8,12,beholder,4,4
Z195,32880,31918,32850,33000,31800,31950,under,8,12,amazon,2,5
Z195,32880,31918,32850,33000,31800,31950,under,8,12,valkyrie,2,6
Z195,32880,31918,32850,33000,31800,31950,under,8,12,orc-berserker,1,2
Z195,32880,31918,32850,33000,31800,31950,under,8,12,witch,1,1
Z196,32912,31852,32850,33000,31800,31950,surface,3,6,orc-berserker,3,5
Z196,32912,31852,32850,33000,31800,31950,surface,3,6,valkyrie,3,6
Z196,32912,31852,32850,33000,31800,31950,surface,3,6,orc-spearman,2,4
Z196,32912,31852,32850,33000,31800,31950,surface,3,6,war-wolf,1,1
Z196,32912,31852,32850,33000,31800,31950,surface,3,6,wolf,1,3
Z197,33231,32308,33150,33300,32250,32400,ground,7,7,dragon,3,3
Z197,33231,32308,33150,33300,32250,32400,ground,7,7,deer,2,5
Z197,33231,32308,33150,33300,32250,32400,ground,7,7,lion,2,4
Z197,33231,32308,33150,33300,32250,32400,ground,7,7,poison-spider,2,5
Z197,33231,32308,33150,33300,32250,32400,ground,7,7,wasp,1,4
Z198,32018,31573,31950,32100,31500,31650,ground,7,7,frost-troll,3,11
Z198,32018,31573,31950,32100,31500,31650,ground,7,7,polar-bear,2,3
Z198,32018,31573,31950,32100,31500,31650,ground,7,7,winter-wolf,2,7
Z198,32018,31573,31950,32100,31500,31650,ground,7,7,deer,1,4
Z198,32018,31573,31950,32100,31500,31650,ground,7,7,rabbit,1,1
Z199,32840,31880,32700,32850,31800,31950,surface,4,6,wasp,4,9
Z199,32840,31880,32700,32850,31800,31950,surface,4,6,valkyrie,3,3
Z199,32840,31880,32700,32850,31800,31950,surface,4,6,lion,1,1
Z199,32840,31880,32700,32850,31800,31950,surface,4,6,witch,1,2
Z200,33122,33002,33000,33150,33000,33150,under,14,14,ghost,2,8
Z200,33122,33002,33000,33150,33000,33150,under,14,14,mummy,2,6
Z200,33122,33002,33000,33150,33000,33150,under,14,14,ancient-scarab,1,1
Z200,33122,33002,33000,33150,33000,33150,under,14,14,bonebeast,1,1
Z200,33122,33002,33000,33150,33000,33150,under,14,14,demon-skeleton,1,1
Z200,33122,33002,33000,33150,33000,33150,under,14,14,necromancer,1,1
Z200,33122,33002,33000,33150,33000,33150,under,14,14,stalker,1,5
Z201,33211,32219,33150,33300,32100,32250,ground,7,7,dragon,9,14
Z202,32033,32094,31950,32100,31950,32100,ground,7,7,orc,4,4
Z202,32033,32094,31950,32100,31950,32100,ground,7,7,spider,2,6
Z202,32033,32094,31950,32100,31950,32100,ground,7,7,wolf,2,7
Z203,32392,30940,32250,32400,30900,31050,surface,3,3,undead-dragon,6,6
Z203,32392,30940,32250,32400,30900,31050,surface,3,3,chaos-hydra,2,2
Z204,32750,32007,32700,32850,31950,32100,surface,6,6,witch,2,2
Z204,32750,32007,32700,32850,31950,32100,surface,6,6,amazon,1,4
Z204,32750,32007,32700,32850,31950,32100,surface,6,6,bug,1,1
Z204,32750,32007,32700,32850,31950,32100,surface,6,6,poison-spider,1,3
Z204,32750,32007,32700,32850,31950,32100,surface,6,6,scorpion,1,1
Z204,32750,32007,32700,32850,31950,32100,surface,6,6,slime,1,2
Z204,32750,32007,32700,32850,31950,32100,surface,6,6,swamp-troll,1,1
Z205,31929,31687,31800,31950,31650,31800,under,8,9,rotworm,2,3
Z205,31929,31687,31800,31950,31650,31800,under,8,9,bug,1,3
Z205,31929,31687,31800,31950,31650,31800,under,8,9,orc,1,4
Z205,31929,31687,31800,31950,31650,31800,under,8,9,orc-spearman,1,2
Z205,31929,31687,31800,31950,31650,31800,under,8,9,orc-warrior,1,2
Z205,31929,31687,31800,31950,31650,31800,under,8,9,poison-spider,1,1
Z206,31929,32897,31800,31950,32850,33000,ground,7,7,rat,7,7
Z207,32046,31030,31950,32100,30900,31050,under,9,10,frozemoth,7,7
Z208,32161,32429,32100,32250,32400,32550,ground,7,7,wolf,6,18
Z208,32161,32429,32100,32250,32400,32550,ground,7,7,chicken,1,2
Z209,32604,31475,32550,32700,31350,31500,surface,4,6,ice-goblin,6,6
Z209,32604,31475,32550,32700,31350,31500,surface,4,6,dog,1,1
Z210,32858,32037,32850,33000,31950,32100,ground,7,7,bug,3,14
Z210,32858,32037,32850,33000,31950,32100,ground,7,7,snake,3,10
Z210,32858,32037,32850,33000,31950,32100,ground,7,7,deer,1,4
Z211,33057,32367,33000,33150,32250,32400,ground,7,7,poison-spider,3,9
Z211,33057,32367,33000,33150,32250,32400,ground,7,7,hyaena,2,4
Z211,33057,32367,33000,33150,32250,32400,ground,7,7,deer,1,3
Z211,33057,32367,33000,33150,32250,32400,ground,7,7,wasp,1,3
Z212,33112,31727,33000,33150,31650,31800,ground,7,7,rabbit,2,4
Z212,33112,31727,33000,33150,31650,31800,ground,7,7,troll,2,6
Z212,33112,31727,33000,33150,31650,31800,ground,7,7,deer,1,5
Z212,33112,31727,33000,33150,31650,31800,ground,7,7,snake,1,3
Z212,33112,31727,33000,33150,31650,31800,ground,7,7,wolf,1,4
Z213,33307,32300,33300,33450,32250,32400,ground,7,7,minotaur,5,14
Z213,33307,32300,33300,33450,32250,32400,ground,7,7,wasp,2,6
Z214,33308,32302,33300,33450,32250,32400,surface,5,6,minotaur,5,13
Z214,33308,32302,33300,33450,32250,32400,surface,5,6,wasp,2,8
Z215,31943,31607,31800,31950,31500,31650,under,8,10,fire-elemental,2,3
Z215,31943,31607,31800,31950,31500,31650,under,8,10,bug,1,2
Z215,31943,31607,31800,31950,31500,31650,under,8,10,orc,1,1
Z215,31943,31607,31800,31950,31500,31650,under,8,10,orc-spearman,1,3
Z215,31943,31607,31800,31950,31500,31650,under,8,10,poison-spider,1,1
Z216,32030,32090,31950,32100,31950,32100,surface,5,6,orc-spearman,2,2
Z216,32030,32090,31950,32100,31950,32100,surface,5,6,spider,2,5
Z216,32030,32090,31950,32100,31950,32100,surface,5,6,orc,1,1
Z216,32030,32090,31950,32100,31950,32100,surface,5,6,poison-spider,1,1
Z217,32156,31566,32100,32250,31500,31650,ground,7,7,polar-bear,3,6
Z217,32156,31566,32100,32250,31500,31650,ground,7,7,giant-demon-skeleton,1,1
Z217,32156,31566,32100,32250,31500,31650,ground,7,7,rabbit,1,2
Z217,32156,31566,32100,32250,31500,31650,ground,7,7,spectre,1,1
Z218,32214,32053,32100,32250,31950,32100,ground,7,7,bug,1,2
Z218,32214,32053,32100,32250,31950,32100,ground,7,7,chicken,1,2
Z218,32214,32053,32100,32250,31950,32100,ground,7,7,deer,1,4
Z218,32214,32053,32100,32250,31950,32100,ground,7,7,rabbit,1,2
Z218,32214,32053,32100,32250,31950,32100,ground,7,7,snake,1,2
Z218,32214,32053,32100,32250,31950,32100,ground,7,7,wolf,1,3
Z219,32508,31879,32400,32550,31800,31950,surface,3,6,goblin,2,6
Z219,32508,31879,32400,32550,31800,31950,surface,3,6,ghoul,1,1
Z219,32508,31879,32400,32550,31800,31950,surface,3,6,minotaur-archer,1,4
Z219,32508,31879,32400,32550,31800,31950,surface,3,6,minotaur-guard,1,2
Z219,32508,31879,32400,32550,31800,31950,surface,3,6,wolf,1,6
Z220,32798,31870,32700,32850,31800,31950,under,8,8,amazon,1,2
Z220,32798,31870,32700,32850,31800,31950,under,8,8,beholder,1,1
Z220,32798,31870,32700,32850,31800,31950,under,8,8,dwarf-guard,1,1
Z220,32798,31870,32700,32850,31800,31950,under,8,8,dwarf-soldier,1,3
Z220,32798,31870,32700,32850,31800,31950,under,8,8,slime,1,1
Z220,32798,31870,32700,32850,31800,31950,under,8,8,valkyrie,1,2
Z221,33008,32785,33000,33150,32700,32850,ground,7,7,lizard-sentinel,2,5
Z221,33008,32785,33000,33150,32700,32850,ground,7,7,bat,1,5
Z221,33008,32785,33000,33150,32700,32850,ground,7,7,hyaena,1,3
Z221,33008,32785,33000,33150,32700,32850,ground,7,7,lizard-templar,1,3
Z221,33008,32785,33000,33150,32700,32850,ground,7,7,poison-spider,1,3
Z222,33186,31619,33150,33300,31500,31650,ground,7,7,rabbit,2,6
Z222,33186,31619,33150,33300,31500,31650,ground,7,7,deer,1,5
Z222,33186,31619,33150,33300,31500,31650,ground,7,7,fire-devil,1,3
Z222,33186,31619,33150,33300,31500,31650,ground,7,7,hunter,1,4
Z222,33186,31619,33150,33300,31500,31650,ground,7,7,wild-warrior,1,3
Z223,33327,31811,33300,33450,31800,31950,under,8,12,rotworm,5,10
Z223,33327,31811,33300,33450,31800,31950,under,8,12,dwarf-guard,1,1
Z224,33334,32004,33300,33450,31950,32100,ground,7,7,rabbit,2,4
Z224,33334,32004,33300,33450,31950,32100,ground,7,7,blue-butterfly,1,1
Z224,33334,32004,33300,33450,31950,32100,ground,7,7,deer,1,4
Z224,33334,32004,33300,33450,31950,32100,ground,7,7,spider,1,2
Z224,33334,32004,33300,33450,31950,32100,ground,7,7,wasp,1,7
Z225,31969,31714,31950,32100,31650,31800,ground,7,7,polar-bear,2,4
Z225,31969,31714,31950,32100,31650,31800,ground,7,7,winter-wolf,2,9
Z225,31969,31714,31950,32100,31650,31800,ground,7,7,rabbit,1,2
Z226,32007,32791,31950,32100,32700,32850,surface,6,6,rat,5,5
Z227,32196,32378,32100,32250,32250,32400,ground,7,7,wolf,3,12
Z227,32196,32378,32100,32250,32250,32400,ground,7,7,blue-butterfly,1,1
Z227,32196,32378,32100,32250,32250,32400,ground,7,7,deer,1,3
Z228,32199,31178,32100,32250,31050,31200,ground,7,7,frost-dragon,5,5
Z229,32209,31775,32100,32250,31650,31800,ground,7,7,rat,2,4
Z229,32209,31775,32100,32250,31650,31800,ground,7,7,poison-spider,1,3
Z229,32209,31775,32100,32250,31650,31800,ground,7,7,rabbit,1,3
Z229,32209,31775,32100,32250,31650,31800,ground,7,7,troll,1,2
Z230,32254,32141,32250,32400,32100,32250,surface,5,6,orc-shaman,2,2
Z230,32254,32141,32250,32400,32100,32250,surface,5,6,snake,2,4
Z230,32254,32141,32250,32400,32100,32250,surface,5,6,war-wolf,1,2
Z231,32311,31833,32250,32400,31800,31950,ground,7,7,blue-butterfly,1,1
Z231,32311,31833,32250,32400,31800,31950,ground,7,7,chicken,1,1
Z231,32311,31833,32250,32400,31800,31950,ground,7,7,dog,1,1
Z231,32311,31833,32250,32400,31800,31950,ground,7,7,orc-leader,1,1
Z231,32311,31833,32250,32400,31800,31950,ground,7,7,sheep,1,6
Z232,33201,31479,33150,33300,31350,31500,under,15,15,fire-devil,4,7
Z232,33201,31479,33150,33300,31350,31500,under,15,15,necromancer,1,1
Z233,33205,31503,33150,33300,31500,31650,surface,1,5,demon,5,5
Z234,33222,32634,33150,33300,32550,32700,ground,7,7,deer,3,8
Z234,33222,32634,33150,33300,32550,32700,ground,7,7,hyaena,2,7
Z235,32146,31038,32100,32250,30900,31050,under,9,10,frozemoth,4,4
Z236,32196,31464,32100,32250,31350,31500,surface,4,6,fog-wanderer,4,4
Z237,32395,31622,32250,32400,31500,31650,under,8,15,cyclops,1,3
Z237,32395,31622,32250,32400,31500,31650,under,8,15,elf-arcanist,1,2
Z237,32395,31622,32250,32400,31500,31650,under,8,15,rat,1,7
Z237,32395,31622,32250,32400,31500,31650,under,8,15,wolf,1,4
Z238,32622,31965,32550,32700,31950,32100,surface,6,6,dwarf,1,3
Z238,32622,31965,32550,32700,31950,32100,surface,6,6,dwarf-soldier,1,2
Z238,32622,31965,32550,32700,31950,32100,surface,6,6,spider,1,3
Z238,32622,31965,32550,32700,31950,32100,surface,6,6,troll,1,1
Z239,32898,32195,32850,33000,32100,32250,surface,5,6,swamp-troll,2,5
Z239,32898,32195,32850,33000,32100,32250,surface,5,6,scorpion,1,1
Z239,32898,32195,32850,33000,32100,32250,surface,5,6,wolf,1,2
Z240,33196,31680,33150,33300,31650,31800,surface,4,6,ghoul,3,8
Z240,33196,31680,33150,33300,31650,31800,surface,4,6,demon-skeleton,1,1
Z241,33263,32788,33150,33300,32700,32850,ground,7,7,deer,2,7
Z241,33263,32788,33150,33300,32700,32850,ground,7,7,hyaena,1,5
Z241,33263,32788,33150,33300,32700,32850,ground,7,7,lion,1,1
Z242,33338,31956,33300,33450,31950,32100,under,15,15,demon,4,4
Z243,32000,31562,31950,32100,31500,31650,surface,5,6,frost-troll,2,3
Z243,32000,31562,31950,32100,31500,31650,surface,5,6,winter-wolf,1,2
Z244,32454,31603,32400,32550,31500,31650,surface,5,6,valkyrie,2,4
Z244,32454,31603,32400,32550,31500,31650,surface,5,6,parrot,1,1
Z245,32536,32815,32400,32550,32700,32850,ground,7,7,poison-spider,1,3
Z245,32536,32815,32400,32550,32700,32850,ground,7,7,spider,1,3
Z245,32536,32815,32400,32550,32700,32850,ground,7,7,tiger,1,1
Z246,32956,32852,32850,33000,32850,33000,surface,5,6,lizard-snakecharmer,2,5
Z246,32956,32852,32850,33000,32850,33000,surface,5,6,lizard-templar,1,2
Z247,33061,32043,33000,33150,31950,32100,surface,6,6,orc,1,1
Z247,33061,32043,33000,33150,31950,32100,surface,6,6,skeleton,1,1
Z247,33061,32043,33000,33150,31950,32100,surface,6,6,snake,1,2
Z248,33081,32350,33000,33150,32250,32400,surface,5,6,wasp,2,7
Z248,33081,32350,33000,33150,32250,32400,surface,5,6,giant-spider,1,1
Z249,33271,32019,33150,33300,31950,32100,ground,7,7,blue-butterfly,1,1
Z249,33271,32019,33150,33300,31950,32100,ground,7,7,rabbit,1,2
Z249,33271,32019,33150,33300,31950,32100,ground,7,7,snake,1,3
Z250,33323,32181,33300,33450,32100,32250,under,8,8,demon-skeleton,1,1
Z250,33323,32181,33300,33450,32100,32250,under,8,8,ghost,1,1
Z250,33323,32181,33300,33450,32100,32250,under,8,8,vampire,1,2
Z251,31936,32826,31800,31950,32700,32850,ground,7,7,rat,2,2
Z252,32343,31176,32250,32400,31050,31200,ground,7,7,polar-bear,1,1
Z252,32343,31176,32250,32400,31050,31200,ground,7,7,winter-wolf,1,1
Z253,32371,31668,32250,32400,31650,31800,surface,5,6,wasp,2,4
Z254,32802,32846,32700,32850,32700,32850,under,10,10,dworc-fleshhunter,1,3
Z254,32802,32846,32700,32850,32700,32850,under,10,10,dworc-voodoomaster,1,4
Z255,33094,31699,33000,33150,31650,31800,surface,6,6,dragon,2,2
Z256,33259,31826,33150,33300,31800,31950,surface,4,4,rat,1,1
Z256,33259,31826,33150,33300,31800,31950,surface,4,4,snake,1,1
Z257,33310,31994,33300,33450,31950,32100,surface,6,6,blue-butterfly,1,1
Z257,33310,31994,33300,33450,31950,32100,surface,6,6,red-butterfly,1,1
Z258,33320,32176,33300,33450,32100,32250,ground,7,7,ghoul,1,2
Z258,33320,32176,33300,33450,32100,32250,ground,7,7,skeleton,1,2
Z259,33322,31884,33300,33450,31800,31950,ground,7,7,blue-butterfly,1,2
Z259,33322,31884,33300,33450,31800,31950,ground,7,7,chicken,1,1
Z260,31835,31354,31800,31950,31350,31500,ground,7,7,bonebeast,1,1
Z261,31925,32813,31800,31950,32700,32850,surface,6,6,rat,1,1
Z262,31930,32855,31800,31950,32850,33000,surface,6,6,rat,1,1
Z263,32017,32873,31950,32100,32850,33000,surface,6,6,rat,1,1
Z264,32098,31055,31950,32100,31050,31200,under,9,9,frozemoth,1,1
Z265,32500,32252,32400,32550,32250,32400,surface,6,6,scorpion,1,2
Z266,32531,32107,32400,32550,32100,32250,surface,6,6,cyclops,1,1
Z267,32540,32850,32400,32550,32850,33000,ground,7,7,crab,1,3
Z268,32543,32674,32400,32550,32550,32700,under,8,8,smuggler,1,2
Z269,32867,32008,32850,33000,31950,32100,surface,6,6,rat,1,3
Z270,32991,32395,32850,33000,32250,32400,ground,7,7,stalker,1,1
Z271,33025,32863,33000,33150,32850,33000,ground,7,7,deer,1,3
Z272,33108,31848,33000,33150,31800,31950,surface,5,5,goblin,1,2
Z273,33156,32421,33150,33300,32400,32550,ground,7,7,deer,1,3
Z274,33171,32087,33150,33300,31950,32100,under,14,14,dragon-lord,1,1
Z275,33175,32541,33150,33300,32400,32550,surface,6,6,hyaena,1,2
Z276,33208,31498,33150,33300,31350,31500,ground,7,7,necromancer,1,1
Z277,33208,31499,33150,33300,31350,31500,surface,6,6,demon,1,1
Z278,33300,31708,33300,33450,31650,31800,ground,7,7,bear,1,3
Z279,33303,32420,33300,33450,32400,32550,ground,7,7,scorpion,1,1
Z280,33326,32182,33300,33450,32100,32250,surface,6,6,ghost,1,1
